ts,n_samples,n_hours,digital_adc_avg,digital_adc_min,digital_adc_max,voltage_adc_avg,voltage_adc_min,voltage_adc_max,lipo_v_avg,lipo_v_min,lipo_v_max,lipo_v_n_oor
2020-05-16,238,9,416.440613,0,3505,999.457471,0,8412,2.674056,2.583,3.27,0
2020-05-17,698,24,1335.444903,0,4095,3205.067767,0,9828,2.872392,2.579,11.065,5
2020-05-18,627,24,1038.167603,0,4095,2630.511631,0,9828,3.203136,2.585,13.637,4
2020-05-19,699,24,1060.664176,0,2515,3078.074042,450,6682,3.791802,3.765,3.879,0
2020-05-20,694,24,1119.974802,0,2540,3225.026385,450,6744,3.772179,3.754,3.851,0
2020-05-21,700,24,1038.476594,0,2547,3023.112328,450,6761,3.765948,3.732,3.853,0
2020-05-22,699,24,321.71901,0,1775,1247.061747,450,4848,3.753122,3.729,3.818,0
2020-05-23,696,24,134.209895,0,2199,782.450757,450,5899,3.740242,3.711,3.815,0
2020-05-24,692,24,463.816167,0,2231,1599.118792,450,5978,3.731843,3.704,3.8,0
2020-05-25,691,24,374.572318,0,2231,1378.046504,450,5978,3.714581,3.676,3.793,0
2020-05-26,692,24,576.490883,0,2285,1878.363776,450,6112,3.687374,3.641,3.764,0
2020-05-27,698,24,149.487117,0,1713,819.457184,450,4694,3.648023,3.602,3.731,0
2020-05-28,681,24,237.70793,0,1748,1038.920974,450,4781,3.594468,3.551,3.681,0
2020-05-29,698,24,287.223744,0,1996,1161.580928,450,5396,3.551373,3.509,3.678,0
2020-05-30,696,24,150.453831,0,1776,822.727251,450,4850,3.509666,3.471,3.6,0
2020-05-31,661,24,89.269588,0,1811,671.116523,450,4937,3.473344,3.43,3.567,0
2020-06-01,685,24,130.15845,0,1481,772.431134,450,4119,3.435465,3.399,3.529,0
2020-06-02,425,15,371.143095,0,1883,1369.523544,450,5116,3.341291,3.243,3.506,0
2020-06-03,680,24,369.542335,0,1987,1365.600109,450,5373,3.163016,3.014,3.339,0
2020-06-04,121,5,845.04,0,1810,2543.598621,450,4935,2.952581,2.891,3.02,0
2020-06-14,412,16,904.362881,0,4095,1231.463793,0,8057,3.171624,0,4.197,102
2020-06-15,37,2,993.605,0,4962,206.523333,57,353,0.0205,0,0.211,37
