ts,n_samples,n_hours,solar2_v_avg,solar2_v_min,solar2_v_max,current2_a_avg,current2_a_min,current2_a_max,temp_c_avg,temp_c_min,temp_c_max,lipo2_v_avg,lipo2_v_min,lipo2_v_max,boot_count_min,boot_count_max,solar2_v_n_oor,current2_a_n_oor,temp_c_n_oor,lipo2_v_n_oor
2021-02-09,243,9,0,0,0,0.233861,0.208,0.261,31.836721,29.6,33.6,4.063544,2.549,4.187,1,255,0,0,0,0
2021-02-10,704,24,0.358479,0,1.784,0.23119,0.21,0.257,31.024396,27.5,39.2,4.112682,4.092,4.143,256,962,0,0,0,0
2021-02-11,617,21,0.384979,0,1.809,0.232163,0.226,0.238,29.73957,26.9,35.8,4.084448,4.075,4.097,963,1580,0,0,0,0
2021-02-13,483,17,0.142705,0,1.42,0.234678,0.226,0.24,27.662773,25.2,35.3,4.013861,4.007,4.021,2425,2907,0,0,0,0
2021-02-14,706,24,0.419021,0,1.704,0.233727,0.225,0.241,28.466183,24.8,36.5,4.003912,3.994,4.012,2908,3614,0,0,0,0
2021-02-15,705,24,0.444137,0,1.7,0.233531,0.224,0.241,28.775341,24.7,36.7,3.987087,3.976,3.999,3615,4321,0,0,0,0
2021-02-16,707,24,0.429025,0,1.648,0.233384,0.223,0.24,29.018252,24.7,38,3.966229,3.948,3.978,4322,5028,0,0,0,0
2021-02-17,704,24,0.378074,0,1.415,0.232531,0.222,0.239,29.976973,25,39.3,3.935191,3.92,3.951,5029,5734,0,0,0,0
2021-02-18,700,24,0.407036,0,1.761,0.232239,0.223,0.24,30.250182,24.9,38.3,3.911122,3.895,3.922,5735,6441,0,0,0,0
2021-02-19,706,24,0.363388,0,1.392,0.231952,0.223,0.24,30.522603,25.2,39.3,3.893026,3.88,3.902,6442,7148,0,0,0,0
2021-02-20,707,24,0.346393,0,1.418,0.231957,0.222,0.239,30.493544,25.2,40.4,3.883001,3.874,3.892,7149,7855,0,0,0,0
2021-02-21,706,24,0.436189,0,2.051,0.23254,0.223,0.241,29.887529,24.9,39.1,3.875432,3.869,3.884,7856,8562,0,0,0,0
2021-02-22,706,24,0.4103,0,2.235,0.233173,0.222,0.24,29.488539,25,39.9,3.869724,3.862,3.877,8563,9269,0,0,0,0
2021-02-23,652,24,0.407285,0,1.651,0.232251,0.222,0.241,30.184873,26.1,39.9,3.857329,3.846,3.867,9270,9967,0,0,0,0
2021-02-24,704,24,0.446857,0,2.061,0.232029,0.221,0.238,30.283518,26.1,40.1,3.843011,3.834,3.852,9968,10672,0,0,0,0
2021-02-25,704,24,0.437368,0,1.718,0.231387,0.223,0.238,30.909015,26.7,39.4,3.830968,3.821,3.841,10673,11378,0,0,0,0
2021-02-26,703,24,0.428791,0,2.028,0.230745,0.223,0.237,31.571224,28,40.3,3.820279,3.814,3.826,11379,12084,0,0,0,0
2021-02-27,703,24,0.411941,0,1.69,0.231052,0.223,0.238,31.28533,27.3,39.5,3.81168,3.8,3.818,12085,12790,0,0,0,0
2021-02-28,707,24,0.38459,0,2.174,0.230582,0.222,0.237,31.731748,27.4,40.7,3.795857,3.785,3.808,12791,13497,0,0,0,0
2021-03-01,698,24,0.385179,0,2.173,0.230176,0.219,0.237,32.313505,27.7,43.3,3.769917,3.755,3.786,13498,14202,0,0,0,0
2021-03-02,705,24,0.410448,0,2.322,0.230467,0.221,0.238,31.954045,27.3,42,3.734619,3.712,3.755,14203,14908,0,0,0,0
2021-03-03,704,24,0.337513,0,1.525,0.230198,0.221,0.238,32.152064,27.4,40.7,3.691118,3.664,3.712,14909,15613,0,0,0,0
2021-03-04,706,24,0.333069,0,1.722,0.230006,0.219,0.238,32.483185,26.7,42.8,3.649482,3.63,3.666,15614,16320,0,0,0,0
2021-03-05,449,16,0.116347,0,0.734,0.23315,0.227,0.238,28.97712,27.3,35.2,3.51557,3.475,3.631,16321,16908,0,0,0,0
2021-03-06,705,24,0.312098,0,1.313,0.229669,0.22,0.237,32.654362,27.5,42,3.4296,3.367,3.476,16909,17614,0,0,0,0
2021-03-07,705,24,0.313742,0,1.323,0.211602,0.179,0.235,32.201978,26.8,41.2,3.262039,3.09,3.369,1,18248,0,0,0,0
2021-03-08,149,6,0.710232,0,0.91,0.160617,0.155,0.179,52.830843,27.3,67.2,3.000125,2.917,3.088,1,1,0,0,82,0
2021-04-07,79,3,0,0,0,0.230261,0.199,0.267,33.567184,30.1,34.2,3.873277,2.574,4.136,1,79,0,0,0,0
2021-04-08,696,24,0,0,0,0.233442,0.202,0.271,31.305066,30.3,33.4,4.126121,4.1,4.187,80,785,0,0,0,0
2021-04-09,700,24,0,0,0,0.231455,0.222,0.243,30.608347,28,31.4,4.08674,4.075,4.103,786,1491,0,0,0,0
2021-04-10,701,24,0,0,0,0.232179,0.226,0.238,29.769755,27.3,31.3,4.065911,4.055,4.078,1492,2196,0,0,0,0
2021-04-11,698,24,0,0,0,0.23216,0.229,0.237,29.800717,27.7,30.6,4.050953,4.042,4.06,2197,2901,0,0,0,0
2021-04-12,701,24,0,0,0,0.231698,0.226,0.235,30.301301,29.6,31.2,4.039251,4.032,4.047,2902,3606,0,0,0,0
2021-04-13,697,24,0,0,0,0.231911,0.229,0.237,30.107547,27.4,31.3,4.032848,4.029,4.037,3607,4311,0,0,0,0
2021-04-14,702,24,0,0,0,0.231547,0.229,0.235,30.433482,28.1,31.3,4.028414,4.026,4.032,4312,5016,0,0,0,0
2021-04-15,703,24,0,0,0,0.231875,0.229,0.237,30.006669,27.3,31.1,4.026006,4.022,4.027,5017,5722,0,0,0,0
2021-04-16,666,24,0,0,0,0.231539,0.228,0.234,30.629866,30.1,31.4,4.019191,4.011,4.026,5723,6423,0,0,0,0
2021-04-17,674,24,0.046239,0,1.043,0.23181,0.225,0.235,30.409577,28.3,34.1,4.001345,3.986,4.014,6424,7126,0,0,0,0
2021-04-18,663,24,0.807875,0,5.008,0.230576,0.217,0.237,31.592431,27.9,45.7,3.982576,3.974,3.994,7127,7828,0,0,0,0
2021-04-19,706,24,1.282601,0,5.21,0.228362,0.213,0.237,33.962395,28,50.1,3.944569,3.918,3.976,7829,8535,0,0,0,0
2021-04-20,704,24,1.120477,0,5.125,0.228518,0.218,0.236,33.999975,28.9,44.7,3.902959,3.884,3.923,8536,9241,0,0,0,0
2021-04-21,701,24,0.785744,0,5.349,0.230207,0.218,0.24,32.095398,25.9,45.8,3.870406,3.846,3.889,9242,9947,0,0,0,0
2021-04-22,706,24,0.944583,0,5.312,0.230919,0.22,0.238,31.230206,26.1,42.4,3.865292,3.854,3.872,9948,10653,0,0,0,0
2021-04-23,706,24,1.055406,0,5.279,0.229701,0.212,0.238,32.417173,27.4,51.2,3.838419,3.819,3.867,10654,11360,0,0,0,0
2021-04-24,704,24,1.28124,0,5.507,0.22769,0.211,0.236,34.564492,27.6,51.6,3.787458,3.649,3.828,11361,12065,0,0,0,0
2021-04-25,695,24,1.261288,0,5.43,0.227224,0.213,0.235,35.109097,28.6,50.3,3.843141,3.755,3.869,12066,12769,0,0,0,0
2021-04-26,702,24,1.196543,0,5.392,0.226932,0.212,0.236,35.383783,27.4,50.6,3.851162,3.669,3.866,12770,13472,0,0,0,0
2021-04-27,705,24,1.149521,0,5.18,0.228517,0.214,0.238,33.687888,27.4,48.4,3.82935,3.71,3.844,13473,14177,0,0,0,0
2021-04-28,687,24,1.151227,0,5.244,0.228366,0.217,0.234,33.694658,29,45.9,3.820793,3.813,3.831,14178,14878,0,0,0,0
2021-04-29,226,8,3.400162,1.195,5.205,0.220705,0.21,0.232,42.075496,31.3,51.7,3.763872,3.628,3.818,14879,15104,0,0,0,0
2021-04-30,443,16,0.190404,0,2.135,0.231021,0.225,0.235,30.952666,28.9,36.7,3.516329,3.428,3.572,15767,16217,0,0,0,0
2021-05-01,704,24,1.119429,0,5.462,0.227948,0.217,0.235,34.227898,29.3,46,3.508676,3.438,3.552,16218,16921,0,0,0,0
2021-05-02,704,24,1.221044,0,5.489,0.226985,0.212,0.234,35.074351,29.6,50.6,3.497629,3.428,3.511,16922,17626,0,0,0,0
2021-05-03,703,24,1.152079,0,5.32,0.227688,0.213,0.235,34.422177,28.6,49.1,3.456311,3.402,3.506,17627,18331,0,0,0,0
2021-05-04,522,18,1.553738,0,5.384,0.225123,0.214,0.233,37.038946,30.1,48.7,3.376841,3.311,3.471,18332,18853,0,0,0,0
2021-07-13,414,15,0.007101,0,0.447,0.230324,0.217,0.241,31.276903,26.8,35.2,3.973117,2.027,4.131,1,426,0,0,0,2
2021-07-14,652,24,0.817282,0,5.03,0.231751,0.223,0.238,30.549385,26.4,38.3,4.073317,4.05,4.103,427,1107,0,0,0,0
2021-07-15,658,24,0.826619,0,4.636,0.233655,0.223,0.239,29.105287,26,39.2,4.042001,4.029,4.054,1108,1790,0,0,0,0
2021-07-16,678,24,1.200323,0,5.018,0.229235,0.219,0.237,33.227539,27.9,43.3,4.029223,4.024,4.037,1791,2477,0,0,0,0
2021-07-17,668,24,0.958436,0,5.095,0.229275,0.217,0.238,33.294943,27.4,47.2,4.020538,4.009,4.027,2478,3162,0,0,0,0
2021-07-18,646,24,0.854239,0,5.351,0.231522,0.222,0.238,30.904686,26.1,40.7,3.999429,3.981,4.014,3163,3845,0,0,0,0
2021-07-19,658,24,0.750498,0,4.931,0.233423,0.223,0.241,29.367451,24.7,38.9,3.961433,3.932,3.984,3846,4529,0,0,0,0
2021-07-20,663,24,0.882184,0,5.377,0.231422,0.218,0.238,30.813276,27.5,43.3,3.913648,3.894,3.937,4530,5214,0,0,0,0
2021-07-21,639,24,0.898723,0,5.22,0.230861,0.22,0.236,31.231184,28.1,42,3.882141,3.871,3.895,5215,5896,0,0,0,0
2021-07-22,636,24,0.682579,0,4.483,0.232293,0.225,0.242,29.951892,24.6,36.4,3.867605,3.857,3.874,5897,6579,0,0,0,0
2021-07-23,641,24,0.543816,0,4.847,0.233163,0.224,0.239,29.238375,25.4,37.4,3.847382,3.833,3.862,6580,7262,0,0,0,0
2021-07-24,628,24,1.087663,0,5.31,0.229934,0.221,0.241,32.609521,26,41.5,3.824725,3.809,3.841,7263,7944,0,0,0,0
2021-07-25,640,24,0.916636,0,5.154,0.231544,0.224,0.238,30.796171,27.1,37.7,3.795035,3.772,3.813,7945,8627,0,0,0,0
2021-07-26,613,24,1.110288,0,5.349,0.229029,0.219,0.237,33.397269,27.8,43.2,3.740293,3.701,3.773,8628,9306,0,0,0,0
2021-07-27,582,24,0.805293,0,5.38,0.231615,0.218,0.238,30.949814,27.2,43.8,3.652768,3.607,3.704,9307,9985,0,0,0,0
2021-07-28,645,24,0.90185,0,5.251,0.231354,0.222,0.236,31.271408,28.6,40.7,3.581784,3.554,3.608,9986,10667,0,0,0,0
2021-07-29,611,24,0.703387,0,5.264,0.233739,0.222,0.239,29.480554,26.5,40.8,3.528047,3.504,3.555,10668,11345,0,0,0,0
2021-07-30,590,24,1.224377,0,5.269,0.229422,0.217,0.236,33.260983,28.1,46.5,3.476218,3.4,3.506,11346,12026,0,0,0,0
2021-07-31,470,19,1.172331,0,5.471,0.201003,0.155,0.233,37.727939,29.1,61.3,3.225833,2.915,3.402,1,12378,0,0,36,0
2021-09-22,598,24,0.028026,0,1.094,0.238308,0.202,0.278,29.218969,27.3,34.2,4.067976,2.499,4.186,1,660,0,0,0,1
2021-09-23,635,24,0.958403,0,5.531,0.229867,0.217,0.237,32.257739,21.4,46.2,4.063167,4.044,4.082,663,1343,0,0,0,0
2021-09-24,657,24,0.818778,0,5.387,0.231784,0.214,0.238,30.010057,21.1,48.7,4.037165,4.027,4.052,1344,2027,0,0,0,0
2021-09-25,654,24,0.938384,0,5.413,0.231816,0.215,0.238,30.570677,20.9,47.7,4.026021,4.017,4.036,2028,2711,0,0,0,0
2021-09-26,649,24,0.823089,0,5.43,0.231737,0.216,0.238,30.437378,21,46,4.01164,3.998,4.026,2712,3395,0,0,0,0
2021-09-27,658,24,1.562711,0,5.453,0.227239,0.213,0.236,35.416812,21.4,51.2,3.983147,3.958,4.001,3396,4079,0,0,0,0
2021-09-28,666,24,1.059108,0,5.469,0.22893,0.213,0.237,33.570659,28.6,50.5,3.930302,3.904,3.961,4080,4763,0,0,0,0
2021-09-29,630,24,1.122999,0,5.331,0.229303,0.214,0.238,33.189737,21.1,48.8,3.889697,3.874,3.908,4764,5444,0,0,0,0
2021-09-30,656,24,0.901116,0,5.153,0.231108,0.219,0.237,31.22452,22,44.3,3.871238,3.864,3.88,5446,6128,0,0,0,0
2021-10-01,670,24,0.88857,0,5.2,0.231567,0.216,0.238,30.906561,21.8,46.7,3.855105,3.841,3.869,6129,6814,0,0,0,0
2021-10-02,658,24,0.482908,0,4.374,0.234816,0.226,0.24,27.864317,21.5,35.8,3.828433,3.816,3.846,6815,7498,0,0,0,0
2021-10-03,682,24,0.754571,0,4.608,0.23192,0.225,0.238,30.240589,21.8,36.4,3.807297,3.791,3.818,7499,8184,0,0,0,0
2021-10-04,613,24,0.68339,0,4.49,0.232141,0.221,0.238,30.553843,22.1,40.7,3.76376,3.722,3.793,8185,8863,0,0,0,0
2021-10-05,627,24,0.966835,0,4.959,0.231666,0.218,0.239,31.537893,26.1,46,3.679707,3.636,3.725,8864,9543,0,0,0,0
2021-10-06,674,24,0.512202,0,2.407,0.233567,0.228,0.238,28.930042,21.3,33.2,3.609248,3.578,3.641,9544,10228,0,0,0,0
2021-10-07,655,24,0.885847,0,4.798,0.23272,0.223,0.239,29.987734,21.1,40.1,3.553028,3.524,3.58,10229,10911,0,0,0,0
2021-10-08,679,24,1.075903,0,5.326,0.230019,0.218,0.237,32.745769,21.5,44.6,3.511292,3.496,3.527,10912,11597,0,0,0,0
2021-10-09,682,24,0.774323,0,5.395,0.231103,0.22,0.237,30.629612,21.3,42.9,3.425633,3.31,3.498,11598,12284,0,0,0,0
2021-10-10,351,13,1.813131,0,5.754,0.186789,0.155,0.228,39.758442,20.8,61.3,3.161382,2.923,3.31,1,12446,0,0,28,0
2021-10-27,393,14,0,0,0,0.23663,0.206,0.272,31.263187,30.1,33.3,4.097244,2.575,4.187,1,397,0,0,0,0
2021-10-28,675,24,0.424128,0,4.956,0.230633,0.211,0.262,31.402943,28.2,42.1,4.089445,4.065,4.131,398,1082,0,0,0,0
2021-10-29,687,24,1.376619,0,5.256,0.228782,0.215,0.238,33.645014,27.4,48.4,4.054208,4.039,4.072,1083,1771,0,0,0,0
2021-10-30,661,24,1.222629,0,5.544,0.228951,0.213,0.236,33.494038,27.5,48.7,4.035502,4.027,4.05,1772,2455,0,0,0,0
2021-10-31,678,24,1.335908,0,5.238,0.228754,0.216,0.237,33.632505,27.6,47.3,4.026321,4.019,4.032,2456,3143,0,0,0,0
2021-11-01,624,24,1.264748,0,5.349,0.22842,0.215,0.237,34.149204,27.6,48.7,4.012414,3.994,4.026,3144,3825,0,0,0,0
2021-11-02,611,24,1.400642,0,5.253,0.227781,0.213,0.237,34.695922,28.1,48.7,3.970238,3.941,3.998,3826,4509,0,0,0,0
2021-11-03,664,24,1.393479,0,5.287,0.227647,0.214,0.237,34.894678,27.5,48.8,3.919554,3.895,3.945,4510,5195,0,0,0,0
2021-11-04,666,24,1.405438,0,5.431,0.228483,0.217,0.235,33.877346,28.3,46,3.888431,3.874,3.904,5196,5881,0,0,0,0
2021-11-05,646,24,1.226668,0,5.153,0.22896,0.215,0.236,33.17105,27,48.1,3.87265,3.862,3.887,5882,6566,0,0,0,0
2021-11-06,644,24,1.409721,0,5.128,0.227499,0.214,0.236,34.549841,22.6,48.7,3.852158,3.833,3.869,6567,7249,0,0,0,0
2021-11-07,649,24,1.119357,0,5.323,0.228989,0.215,0.235,32.66631,24.5,47.3,3.824486,3.811,3.841,7250,7932,0,0,0,0
2021-11-08,667,24,1.353307,0,5.464,0.228017,0.216,0.236,34.112822,27.1,46.4,3.799745,3.776,3.816,7933,8617,0,0,0,0
2021-11-09,642,24,0.697951,0,4.806,0.230238,0.224,0.236,31.376641,25.2,37.2,3.741955,3.707,3.78,8618,9296,0,0,0,0
2021-11-10,641,24,0.912039,0,5.351,0.229244,0.218,0.236,32.688261,27.5,44.5,3.665578,3.628,3.709,9297,9978,0,0,0,0
2021-11-11,668,24,0.690095,0,4.337,0.231361,0.223,0.238,30.518758,27.3,39.4,3.598572,3.57,3.63,9979,10664,0,0,0,0
2021-11-12,667,24,1.028261,0,5.297,0.22915,0.215,0.236,32.191189,23.7,46.7,3.547242,3.522,3.574,10665,11350,0,0,0,0
2021-11-13,645,24,1.058113,0,5.115,0.229955,0.22,0.237,31.881063,23.3,42.3,3.505238,3.479,3.524,11351,12033,0,0,0,0
2021-11-14,680,24,0.543633,0,3.98,0.229701,0.212,0.237,29.091071,26.2,35.5,3.384334,3.239,3.481,12034,12721,0,0,0,0
2021-11-15,226,9,2.185071,0,5.471,0.174699,0.155,0.212,42.89402,27.4,64.7,3.096904,2.932,3.24,1,12760,0,0,47,0
2021-11-20,1,1,0.832,0.832,0.832,1.9968,1.9968,1.9968,,,,,,,,,0,0,0,0
