ts,n_samples,n_hours,solar_v_avg,solar_v_min,solar_v_max,solar2_v_avg,solar2_v_min,solar2_v_max,battery_v_avg,battery_v_min,battery_v_max,current_a_avg,current_a_min,current_a_max,power_w_avg,power_w_min,power_w_max,load_v_avg,load_v_min,load_v_max,temp_c_avg,temp_c_min,temp_c_max,lipo_v_avg,lipo_v_min,lipo_v_max,boot_count_min,boot_count_max,solar_v_n_oor,solar2_v_n_oor,battery_v_n_oor,current_a_n_oor,power_w_n_oor,load_v_n_oor,temp_c_n_oor,lipo_v_n_oor
2020-06-15,525,18,4.570178,0,14.295,1.441063,0,4.616,12.574712,12.385,13.566,0.114414,0.006,1.08,1.016844,0,12.446244,0,0,0,,,,4.033031,3.982,4.125,1,527,0,0,0,0,0,0,0,0
2020-06-16,709,24,6.539246,0,20.612,4.132102,0,12.274,12.891533,12.483,14.852,0.611194,0,3.118,6.888199,0,39.294132,2.580875,0,13.536,,,,4.066527,3.988,4.133,528,1236,0,0,0,0,0,0,0,0
2020-06-17,709,24,7.642515,0,20.89,3.820776,0,12.591,13.266544,12.59,15.31,0.495496,0.01,3.429,6.087466,0,52.029119,1.488839,0,13.716,32.712443,31.2,34.2,4.065725,3.98,4.16,1,1482,0,0,0,0,0,0,0,0
2020-06-18,705,24,7.656692,0,20.72,1.700706,0,12.3,13.281249,12.68,14.97,0.59838,0.02,2.71,8.448608,0,52.45,3.135026,0,13.78,33.897953,32.1,35.2,4.031499,3.97,4.13,393,1101,0,0,0,0,0,0,0,0
2020-06-19,701,24,7.133834,0,20.64,0,0,0,13.051471,12.61,14.91,0.414004,0.02,2.76,5.481038,0,42.73,2.280668,0,13.72,33.63084,32.1,34.8,3.953138,3.92,3.97,1102,1810,0,0,0,0,0,0,0,0
2020-06-20,702,24,7.443507,0,20.64,0,0,0,13.281692,12.69,14.84,0.642594,0.03,2.76,9.292961,0,55.29,3.821658,0,13.83,34.677763,33,37.1,3.869934,3.82,3.92,1811,2519,0,0,0,0,0,0,0,0
2020-06-21,499,18,4.97096,0,20.55,0,0,0,13.03275,12.69,14.82,0.119656,0.03,0.56,1.201426,0,9.74,0.045268,0,11.84,32.890443,31.4,34.9,3.729334,3.67,3.82,2520,3207,0,0,0,0,0,0,0,0
2020-06-22,667,23,6.854982,0,15.86,0.041512,0,3.74,13.131956,12.3,15.11,0.504011,-6.21,3.37,8.734739,0,47.97,3.429036,0,13.73,33.76891,31.1,35.8,3.506284,3.03,3.67,3208,3880,0,0,0,0,0,0,0,0
2020-06-23,631,22,6.893962,0,21.29,2.085986,0,4.64,13.324859,11.9,16.77,0.713512,0.01,3.62,10.370131,0,70.61,3.301225,0,15.45,34.262055,30.6,36,3.990261,3.6,4.1,1,591,0,0,20,0,0,0,0,0
2020-06-24,695,24,7.249175,0,21.42,4.054298,0,12.66,13.035077,11.95,14.79,0.686926,-0.01,2.94,9.632332,-0.07,49.16,3.742193,0,13.63,35.456313,33,38.3,4.077431,4,4.14,592,1300,0,0,0,0,0,0,0,0
2020-06-25,704,24,7.093754,0,15.15,2.83155,0,12.61,12.987883,12.51,14.3,0.360794,-0.01,3.47,4.827695,0,51.46,0.589401,0,13.12,33.148211,31.6,34.5,4.071187,3.99,4.13,1301,2010,0,0,0,0,0,0,0,0
2020-06-26,695,24,7.123652,0,20.68,4.561326,0,12.21,13.011939,12.52,14.94,0.711648,-0.05,2.95,9.917343,0,44.75,3.46894,0,13.51,33.899788,32.1,36.7,4.072829,3.99,4.14,2011,2719,0,0,0,0,0,0,0,0
2020-06-27,702,24,7.153367,0,21.31,4.26204,0,12.82,13.120981,12.54,14.84,0.659596,-0.02,3.38,9.484482,-0.02,50.98,2.820719,0,13.59,34.225124,32.5,37.1,4.077008,3.99,4.14,2720,3428,0,0,0,0,0,0,0,0
2020-06-28,703,24,6.175868,0,14.7,3.26874,0,12.64,12.825443,12.48,14.05,0.458227,-0.01,2.62,6.080576,-0.02,38.47,1.924598,0,12.52,32.394705,30.8,34.2,4.052343,3.99,4.13,3429,4138,0,0,0,0,0,0,0,0
2020-06-29,702,24,6.790999,0,14.97,2.664365,0,12.54,12.738018,12.42,13.87,0.271625,0,3.27,3.524556,0,47.08,0.563134,0,12.78,31.014742,29.8,32.2,4.044638,3.98,4.13,4139,4848,0,0,0,0,0,0,0,0
2020-06-30,710,24,6.971073,0,16.12,3.462761,0,13.04,12.86172,12.45,14.77,0.480539,-0.01,3.67,6.554363,0,58.51,1.544706,0,13.48,31.333051,30,33,4.063228,3.99,4.14,4849,5558,0,0,0,0,0,0,0,0
2020-07-01,705,24,7.135438,0,17.42,3.572117,0,12.8,12.830048,12.43,14.7,0.446058,-0.01,3.41,6.02601,-0.01,58.2,1.508371,0,13.54,31.260169,29.7,32.9,4.058906,3.99,4.14,5559,6267,0,0,0,0,0,0,0,0
2020-07-02,695,24,6.505581,0,21.09,3.958616,0,12.81,12.918774,12.46,14.82,0.599975,-0.06,3.18,8.305165,-0.23,53.71,2.52539,0,13.51,31.472342,30,34.2,4.067642,3.99,4.14,6268,6976,0,0,0,0,0,0,0,0
2020-07-03,689,24,7.176269,0,20.25,3.03419,0,12.65,12.941911,12.47,14.87,0.379053,-0.01,2.1,5.076515,0,28.84,0.703669,0,12.18,30.647435,29.5,31.9,4.059822,3.98,4.14,6977,7685,0,0,0,0,0,0,0,0
2020-07-04,702,24,7.228879,0,21.05,4.575447,0,12.82,12.909565,12.45,14.72,0.600781,-0.01,2.71,8.194187,0,38.28,2.648974,0,12.75,31.788741,30.1,33.4,4.071672,3.99,4.14,7686,8394,0,0,0,0,0,0,0,0
2020-07-05,705,24,6.553273,0,20.97,3.308576,0,13.27,12.81649,12.43,14.78,0.380319,-0.02,3.5,5.154887,0,68.54,1.222865,0,13.6,31.532512,30,33.4,4.053878,3.98,4.14,8395,9104,0,0,0,0,0,0,0,0
2020-07-06,705,24,6.974509,0,20.46,3.452557,0,12.76,12.821435,12.42,14.78,0.428985,-0.02,3.2,5.742713,-0.02,50.4,1.301418,0,13.51,31.013904,30.1,32.2,4.059827,3.99,4.13,9105,9814,0,0,0,0,0,0,0,0
2020-07-07,704,24,7.440158,0,21.44,4.214165,0,13.22,13.054942,12.49,14.93,0.653343,-0.01,3.37,9.430107,0,56.23,2.78176,0,13.6,32.176402,30.8,33.8,4.073432,3.99,4.14,9815,10523,0,0,0,0,0,0,0,0
2020-07-08,707,24,7.047943,0,15.15,2.906384,0,12.55,12.845313,12.45,14.16,0.35296,-0.02,3.2,4.683055,-0.3,46.41,0.824206,0,12.87,31.398597,29.9,33,4.067973,3.99,4.13,10524,11233,0,0,0,0,0,0,0,0
2020-07-09,703,24,7.379349,0,20.57,4.550281,0,12.61,13.042316,12.48,14.85,0.714252,-0.01,2.77,10.173849,0,52.17,3.46133,0,13.58,32.893968,30.7,35.2,4.07221,3.99,4.14,11234,11942,0,0,0,0,0,0,0,0
2020-07-10,703,24,7.752339,0,21.11,3.819472,0,12.61,13.162446,12.51,15.07,0.450695,-0.01,2.8,6.531741,0,52.19,11.123198,0,14.34,33.127702,31.7,35,4.071062,3.99,4.14,11943,12652,0,0,0,0,0,0,0,0
2020-07-11,706,24,8.493507,0,21.42,4.327616,0,12.77,13.377015,12.54,15.17,0.362403,-0.01,2.77,5.579245,0,50.37,12.742736,11.91,14.48,34.005186,32.2,36.1,4.07377,3.99,4.14,12653,13361,0,0,0,0,0,0,0,0
2020-07-12,709,24,8.015441,0,21.55,3.780135,0,12.88,13.325769,12.54,15.3,0.348404,-0.05,2.79,5.307264,0,53.85,12.690641,11.92,14.62,33.707227,32,36.3,4.073656,3.99,4.14,13362,14071,0,0,0,0,0,0,0,0
2020-07-13,709,24,7.771947,0,21.72,3.411327,0,12.93,13.186116,12.54,15.14,0.307921,-0.01,2.8,4.547958,-0.11,54.74,12.55589,11.91,14.51,33.00738,31.1,34.9,4.066471,3.99,4.14,14072,14781,0,0,0,0,0,0,0,0
2020-07-14,698,24,8.357706,0,21.26,4.133109,0,12.58,13.383811,12.55,15.3,0.365364,-0.03,2.9,5.674586,0,50.98,12.752728,11.93,14.66,33.643238,31.8,35.8,4.069921,3.99,4.14,14782,15490,0,0,0,0,0,0,0,0
2020-07-15,373,21,9.142219,0,20.96,9.515633,0,19.5,13.521089,12.58,15.23,0.374012,-0.01,3.13,5.760109,0,62.95,9.875455,0,14.54,33.872701,32.2,35.3,4.777979,3.99,6.84,1,15976,0,0,0,0,0,0,0,0
2020-07-16,677,24,8.323284,0,21.02,19.5,19.5,19.5,13.304636,12.57,15.12,0.317913,-0.02,2.69,4.913377,-0.22,52.91,0,0,0,,,,6.84,6.84,6.84,195,894,0,0,0,0,0,0,0,0
2020-07-17,705,24,8.287263,0,21,19.5,19.5,19.5,13.293913,12.58,15.15,0.319471,-0.01,2.84,4.918271,0,56.39,0,0,0,,,,6.84,6.84,6.84,895,1604,0,0,0,0,0,0,0,0
2020-07-18,706,24,8.382005,0,21.44,19.5,19.5,19.5,13.333542,12.59,15.1,0.345757,-0.01,2.68,5.399505,0,55.14,0,0,0,,,,6.84,6.84,6.84,1605,2313,0,0,0,0,0,0,0,0
2020-07-19,709,24,8.482697,0,21.11,19.5,19.5,19.5,13.432494,12.59,15.27,0.359721,-0.05,2.69,5.602784,-0.07,53.95,0,0,0,,,,6.84,6.84,6.84,2314,3023,0,0,0,0,0,0,0,0
2020-07-20,709,24,7.630546,0,21.41,19.5,19.5,19.5,13.219652,12.59,15,0.305371,-0.01,2.66,4.43046,0,53.97,0,0,0,,,,6.84,6.84,6.84,3024,3733,0,0,0,0,0,0,0,0
2020-07-21,705,24,8.065407,0,21.01,19.5,19.5,19.5,13.302874,12.6,15.24,0.315234,-0.01,2.74,4.609313,0,46.51,0,0,0,,,,6.84,6.84,6.84,3734,4442,0,0,0,0,0,0,0,0
2020-07-22,710,24,8.689931,0,21.18,19.5,19.5,19.5,13.472727,12.62,15.18,0.367121,-0.01,2.98,5.681392,0,50.86,0,0,0,,,,6.84,6.84,6.84,4443,5152,0,0,0,0,0,0,0,0
2020-07-23,706,24,7.81489,0,21.4,19.5,19.5,19.5,13.346852,12.6,15.17,0.336122,-0.02,2.56,5.140205,-0.02,52.46,0,0,0,,,,6.84,6.84,6.84,5153,5862,0,0,0,0,0,0,0,0
2020-07-24,702,24,7.216249,0,20.99,19.5,19.5,19.5,13.210333,12.58,15.12,0.307146,0,3.1,4.635592,0,54.83,0,0,0,,,,6.84,6.84,6.84,5863,6571,0,0,0,0,0,0,0,0
2020-07-25,708,24,8.635658,0,21.39,19.5,19.5,19.5,13.481959,12.63,15.15,0.397529,-0.03,2.65,6.358568,-0.01,53.86,0,0,0,,,,6.84,6.84,6.84,6572,7281,0,0,0,0,0,0,0,0
2020-07-26,708,24,8.690548,0,21.39,19.5,19.5,19.5,13.413051,12.62,15.24,0.349618,-0.03,3.21,5.55604,-0.02,68.03,0,0,0,,,,6.84,6.84,6.84,7282,7991,0,0,0,0,0,0,0,0
2020-07-27,706,24,8.889787,0,20.77,19.5,19.5,19.5,13.461727,12.62,15.15,0.333197,-0.02,2.51,5.271507,-0.03,50.19,0,0,0,,,,6.84,6.84,6.84,7992,8700,0,0,0,0,0,0,0,0
2020-07-28,707,24,8.613239,0,21.11,19.5,19.5,19.5,13.435194,12.63,15.14,0.342576,-0.06,2.64,5.315576,-0.01,49.2,0,0,0,,,,6.84,6.84,6.84,8701,9410,0,0,0,0,0,0,0,0
2020-07-29,704,24,8.738487,0,21.48,19.5,19.5,19.5,13.460837,12.63,15.21,0.378145,-0.06,2.98,5.929802,0,63.33,0,0,0,,,,6.84,6.84,6.84,9411,10119,0,0,0,0,0,0,0,0
2020-07-30,700,24,8.484539,0,21.63,19.5,19.5,19.5,13.417192,12.61,15.35,0.322232,-0.02,3,4.968352,0,49.4,0,0,0,,,,6.84,6.84,6.84,10120,10828,0,0,0,0,0,0,0,0
2020-07-31,704,24,7.822609,0,21.24,19.5,19.5,19.5,13.331965,12.6,15.03,0.344269,-0.09,2.64,5.262822,-0.22,47.41,0,0,0,,,,6.84,6.84,6.84,2,11270,0,0,0,0,0,0,0,0
2020-08-01,704,24,8.182202,0,21.87,19.5,19.5,19.5,13.380961,12.62,15.37,0.332981,-0.05,3.18,5.03514,-0.24,63.3,0,0,0,,,,6.84,6.84,6.84,266,974,0,0,0,0,0,0,0,0
2020-08-02,702,24,6.599567,0,20.87,19.5,19.5,19.5,13.02521,12.58,14.94,0.281719,-0.12,2.69,3.812264,-0.06,43.39,0,0,0,,,,6.84,6.84,6.84,975,1683,0,0,0,0,0,0,0,0
2020-08-03,693,24,7.019062,0,15.02,19.5,19.5,19.5,13.076967,12.58,14.14,0.296789,-0.01,1.62,3.943703,0,23.48,0,0,0,,,,6.84,6.84,6.84,1684,2391,0,0,0,0,0,0,0,0
2020-08-04,669,24,8.048784,0,21.61,19.5,19.5,19.5,13.377136,12.63,15.03,0.36967,-0.03,3.68,5.61194,-0.72,76.64,0,0,0,,,,6.84,6.84,6.84,2392,3096,0,0,0,0,0,0,0,0
2020-08-05,679,24,7.371578,0,21.27,4.349261,0,19.5,13.305029,12.6,15.12,0.295444,-0.08,2.14,4.37127,-0.02,44.81,11.446334,0,14.52,30.266173,28.4,32.4,4.325645,3.98,6.84,1,3163,0,0,0,0,0,0,0,0
2020-08-06,690,24,7.916297,0,21.45,3.738985,0,13.14,13.32426,12.61,15.13,0.334637,-0.02,3.55,5.10969,-0.01,73.74,12.682631,11.98,14.75,30.196825,28.7,32.1,4.060506,3.98,4.14,639,1346,0,0,0,0,0,0,0,0
2020-08-07,656,24,8.383775,0,21.48,3.770471,0,12.74,13.39778,12.63,15.12,0.323119,-0.01,3.5,5.028513,-0.05,57.35,12.75614,11.99,14.46,30.603075,29.3,32.2,4.062026,3.98,4.14,1347,2049,0,0,0,0,0,0,0,0
2020-08-08,708,24,7.72927,0,21.49,3.310033,0,12.91,13.279853,12.6,15.34,0.305768,-0.02,3.09,4.552911,0,57.42,12.641728,11.96,14.63,30.609157,29,32.2,4.061883,3.98,4.14,2050,2758,0,0,0,0,0,0,0,0
2020-08-09,707,24,6.928109,0,21.69,2.950532,0,12.84,13.190197,12.59,15.13,0.310648,-0.01,3.37,4.633623,-0.02,63.43,12.554694,11.96,14.5,30.305098,29,32.1,4.047372,3.98,4.14,2759,3468,0,0,0,0,0,0,0,0
2020-08-10,679,24,7.953168,0,22.16,2.447635,0,12.94,13.330711,12.59,15.29,0.345709,-0.01,3.39,5.149151,0,75.17,12.690661,11.95,14.64,29.893786,29,31.2,4.039834,3.97,4.13,3469,4173,0,0,0,0,0,0,0,0
2020-08-11,679,24,8.466722,0,21.9,3.664275,0,12.89,13.478628,12.63,15.41,0.348709,-0.03,3.28,5.403896,0,62.07,12.832219,11.99,14.76,31.678582,29.6,33.5,4.068316,3.99,4.14,4174,4879,0,0,0,0,0,0,0,0
2020-08-12,670,24,6.658546,0,21.2,2.891793,0,12.5,13.215916,12.59,15.44,0.299619,-0.01,3.28,4.372389,-0.01,55.03,12.577994,11.96,14.75,31.813953,30,33.7,4.050215,3.98,4.14,4880,5584,0,0,0,0,0,0,0,0
2020-08-13,655,24,6.840168,0,21.27,2.403147,0,12.47,13.046803,12.57,15.03,0.289579,0,2.4,4.049757,0,48.27,12.412907,11.94,14.21,30.629459,29,32.2,4.028495,3.97,4.13,5585,6287,0,0,0,0,0,0,0,0
2020-08-14,681,24,7.923671,0,21.39,3.165096,0,12.67,13.370478,12.64,15.14,0.344162,-0.04,3.14,5.241557,-0.01,61.69,12.727953,12,14.51,31.360769,29.5,33.5,4.052965,3.98,4.14,6288,6993,0,0,0,0,0,0,0,0
2020-08-15,705,24,8.646709,0,21.12,3.636915,0,12.12,13.467305,12.65,15.09,0.344784,-0.01,2.53,5.434667,0,51.02,12.825365,12.01,14.39,31.745524,30.1,33.4,4.063685,3.98,4.14,6994,7702,0,0,0,0,0,0,0,0
2020-08-16,709,24,8.512676,0,21.64,3.740186,0,12.6,13.448457,12.63,15.29,0.347562,-0.01,2.87,5.445624,0,57.97,12.810073,12,14.66,33.024895,31,35.3,4.067327,3.99,4.14,7703,8412,0,0,0,0,0,0,0,0
2020-08-17,659,24,8.80698,0,21.15,4.167203,0,12.37,13.475718,12.63,15.21,0.346509,-0.01,2.83,5.590143,0,58.12,12.836286,11.99,14.52,33.304891,31.8,35.1,4.06706,3.99,4.14,8413,9115,0,0,0,0,0,0,0,0
2020-08-18,676,24,7.957587,0,21.39,3.645559,0,12.47,13.292408,12.6,15.29,0.319816,-0.01,3.06,4.820107,0,59.19,12.653772,11.96,14.6,33.551683,32,35.5,4.0562,3.98,4.14,9116,9821,0,0,0,0,0,0,0,0
2020-08-19,444,16,11.092452,0,21.32,4.701029,0,12.61,13.684475,12.74,15.27,0.480946,-0.03,3.29,7.546871,0,65.45,13.041213,12.11,14.63,33.324984,32.1,34.9,4.080823,3.98,4.13,9822,10282,0,0,0,0,0,0,0,0
2020-08-20,685,24,8.595577,0,21.28,3.481818,0,12.49,13.456994,12.61,15.25,0.338664,-0.01,2.54,5.336392,0,46.9,12.816562,11.99,14.54,32.454393,31,34.4,4.049887,3.94,4.14,10517,11209,0,0,0,0,0,0,0,0
2020-08-21,666,24,8.548224,0,21.17,4.055216,0,12.72,13.475991,12.62,15.3,0.371739,-0.01,2.83,5.855405,0,53.9,12.83493,11.99,14.65,33.58445,31.8,35.8,4.070336,3.99,4.14,11210,11914,0,0,0,0,0,0,0,0
2020-08-22,707,24,8.134411,0,21.45,3.521956,0,12.8,13.302837,12.6,15.29,0.333459,-0.01,2.95,5.190311,0,55.94,12.667047,11.97,14.63,33.304715,31.4,35.5,4.058658,3.98,4.14,11915,12624,0,0,0,0,0,0,0,0
2020-08-23,700,24,7.475159,0,21.19,3.23795,0,12.5,13.286881,12.6,15.27,0.330226,0,2.84,5.032533,0,56.81,12.650098,11.96,14.6,32.143356,30.1,34.9,4.055714,3.98,4.14,12625,13333,0,0,0,0,0,0,0,0
2020-08-24,589,23,7.775519,0,21.73,3.297206,0,12.57,13.851329,12.73,18.94,-2.34604,-6.22,3.04,4.696905,-12.71,53.33,13.21721,12.11,18.33,31.526577,27.3,56.6,3.859358,2.65,4.14,1,13676,0,0,6,0,0,0,0,0
2020-08-25,1,1,0.5,0.5,0.5,0,0,0,16.69,16.69,16.69,-3.06,-3.06,-3.06,-1.52,-1.52,-1.52,16.13,16.13,16.13,29.2,29.2,29.2,2.9,2.9,2.9,1,1,0,0,1,0,0,0,0,0
2020-08-26,1,1,18.52,18.52,18.52,3.62,3.62,3.62,18.43,18.43,18.43,-1.88,-1.88,-1.88,-34.84,-34.84,-34.84,17.85,17.85,17.85,61,61,61,2.72,2.72,2.72,1,1,0,0,1,0,0,0,1,0
2020-08-29,1,1,19.37,19.37,19.37,19.5,19.5,19.5,18.79,18.79,18.79,-1.65,-1.65,-1.65,-31.96,-31.96,-31.96,0,0,0,,,,6.84,6.84,6.84,1,1,0,0,1,0,0,0,0,0
2020-09-01,1,1,17.57,17.57,17.57,3.65,3.65,3.65,17.48,17.48,17.48,-2.59,-2.59,-2.59,-45.55,-45.55,-45.55,16.93,16.93,16.93,63,63,63,2.83,2.83,2.83,1,1,0,0,1,0,0,0,1,0
2020-09-02,1,1,17.5,17.5,17.5,3.66,3.66,3.66,17.42,17.42,17.42,-2.61,-2.61,-2.61,-45.69,-45.69,-45.69,16.87,16.87,16.87,62.5,62.5,62.5,2.83,2.83,2.83,1,1,0,0,1,0,0,0,1,0
2020-09-05,2,2,5.91,5.64,6.18,0.74,0,1.48,16.785,16.78,16.79,-3.14,-3.14,-3.14,-18.545,-19.39,-17.7,16.22,16.22,16.22,33.35,33.3,33.4,2.91,2.91,2.91,1,1,0,0,2,0,0,0,0,0
2020-09-06,2,2,2.295,0.46,4.13,0,0,0,16.79,16.78,16.8,-3.14,-3.14,-3.14,-7.205,-12.97,-1.44,16.22,16.21,16.23,33.4,33.4,33.4,2.91,2.91,2.91,1,1,0,0,2,0,0,0,0,0
2020-09-09,1,1,17.64,17.64,17.64,3.6,3.6,3.6,17.57,17.57,17.57,-2.53,-2.53,-2.53,-44.63,-44.63,-44.63,17,17,17,62.9,62.9,62.9,2.83,2.83,2.83,1,1,0,0,1,0,0,0,1,0
2020-09-11,2,2,9.365,0.46,18.27,1.815,0,3.63,17.495,16.75,18.24,-2.59,-3.1,-2.08,-19.695,-37.97,-1.42,16.91,16.2,17.62,47.9,33.3,62.5,2.825,2.75,2.9,1,1,0,0,2,0,0,0,1,0
2020-09-21,1,1,19.15,19.15,19.15,3.63,3.63,3.63,18.54,18.54,18.54,-1.83,-1.83,-1.83,-35.15,-35.15,-35.15,17.93,17.93,17.93,59.9,59.9,59.9,2.71,2.71,2.71,1,1,0,0,1,0,0,0,0,0
2020-09-24,1,1,17.71,17.71,17.71,3.66,3.66,3.66,17.63,17.63,17.63,-2.54,-2.54,-2.54,-44.91,-44.91,-44.91,17.06,17.06,17.06,62.5,62.5,62.5,2.83,2.83,2.83,1,1,0,0,1,0,0,0,1,0
2020-09-30,1,1,18.45,18.45,18.45,3.63,3.63,3.63,18.37,18.37,18.37,-1.89,-1.89,-1.89,-34.81,-34.81,-34.81,17.78,17.78,17.78,59.7,59.7,59.7,2.72,2.72,2.72,1,1,0,0,1,0,0,0,0,0
2020-10-01,1,1,18.7,18.7,18.7,3.62,3.62,3.62,18.4,18.4,18.4,-1.8,-1.8,-1.8,-33.1,-33.1,-33.1,17.8,17.8,17.8,34.5,34.5,34.5,2.7,2.7,2.7,1,1,0,0,1,0,0,0,0,0
2020-10-02,1,1,19.12,19.12,19.12,3.62,3.62,3.62,18.51,18.51,18.51,-1.76,-1.76,-1.76,-33.75,-33.75,-33.75,17.9,17.9,17.9,59.9,59.9,59.9,2.7,2.7,2.7,1,1,0,0,1,0,0,0,0,0
2020-10-21,1,1,18.49,18.49,18.49,3.63,3.63,3.63,18.41,18.41,18.41,-1.87,-1.87,-1.87,-34.67,-34.67,-34.67,17.82,17.82,17.82,58.8,58.8,58.8,2.72,2.72,2.72,1,1,0,0,1,0,0,0,0,0
2020-10-23,353,12,28.88516,28.39,29.3,1.076378,0.81,1.38,29.022529,28.42,29.63,-0.234618,-0.69,0.19,-6.715256,-19.65,5.55,29.211706,28.67,29.67,18.205757,14,23.2,0.380593,0.29,0.48,15,367,0,0,353,0,0,0,0,0
2020-10-24,701,24,29.0612,26.36,29.8,0.94924,0.86,0.97,29.192158,29.05,29.31,0.024297,-0.05,0.1,0.702097,-1.51,2.85,29.444938,29.39,29.5,16.08171,15.7,16.6,0.342386,0.26,0.93,368,1073,0,0,701,0,0,0,0,0
2020-10-25,556,20,29.056248,28.98,29.13,0.94849,0.92,0.98,29.20032,29.12,29.31,0.020123,-0.05,0.09,0.577798,-1.51,2.68,29.443627,29.39,29.51,16.105499,15.7,16.6,0.342376,0.33,0.35,1074,1639,0,0,556,0,0,0,0,0
2020-10-30,380,13,1.180331,0,13.93,0.368043,0,4.35,12.262239,-0.99,13.3,-6.563244,-12.81,-6.15,-7.39848,-86.36,0,11.674945,0,12.63,32.273588,24.1,34,3.982046,3.96,4,3,382,0,0,11,0,0,0,0,0
2020-10-31,710,24,7.927996,0,20.85,3.412882,0,12.04,13.353291,12.56,15.41,-6.384405,-6.48,-6.2,-50.194332,-133.04,0,12.697116,11.93,14.66,33.554717,31.6,36.2,4.066103,3.97,4.14,383,1092,0,0,0,0,0,0,0,0
2020-11-01,707,24,7.686976,0,21.11,3.514047,0,12.46,13.251616,12.55,15.46,-6.382827,-6.47,-6.22,-48.721518,-135.03,0,12.598935,11.93,14.65,32.921863,30.9,35.2,4.064775,3.99,4.14,1093,1802,0,0,0,0,0,0,0,0
2020-11-02,590,24,7.76408,0,21.18,3.22372,0,12.33,13.340492,12.57,15.33,-6.356626,-6.45,-6.15,-48.932601,-134.87,0,12.682586,11.93,14.5,31.643647,29.8,33.4,4.046077,3.97,4.13,1803,2493,0,0,0,0,0,0,0,0
2020-11-03,526,24,7.792827,0,21.13,3.038801,0,12.37,13.360014,12.56,15.25,-6.35569,-6.47,-6.1,-49.020484,-134.81,0,12.698448,11.93,14.51,32.045762,30.5,33.8,4.050797,3.96,4.13,2494,3178,0,0,0,0,0,0,0,0
2020-11-04,700,24,7.724094,0,20.92,2.98207,0,12.26,13.272488,12.54,15.36,-6.361049,-6.47,-6.11,-48.63858,-133.63,0,12.623015,11.9,14.64,32.302241,30.5,34.3,4.061188,3.96,4.14,3181,3887,0,0,0,0,0,0,0,0
2020-11-05,488,24,7.777407,0,20.71,3.395338,0,12.02,13.319296,12.54,15.41,-6.374667,-6.46,-6.23,-49.218356,-131.26,0,12.670268,11.9,14.66,32.880669,31.1,35,4.043066,3.94,4.13,3888,4564,0,0,0,0,0,0,0,0
2020-11-06,608,24,7.16074,0,20.83,2.113359,0,4.61,13.215864,12.53,15.3,-6.311044,-6.47,-5.97,-44.400551,-130.48,0,12.564674,11.88,14.58,31.714059,30.1,33.3,4.018034,3.93,4.12,4567,5259,0,0,0,0,0,0,0,0
2020-11-07,681,24,7.980421,0,21.24,3.354248,0,12.37,13.374034,12.55,15.53,-6.376483,-6.48,-6.21,-50.406689,-136.03,0,12.719334,11.91,14.83,32.942533,30.8,35,4.066349,3.99,4.14,5260,5966,0,0,0,0,0,0,0,0
2020-11-08,266,12,14.450434,0,21.08,5.786214,0,12.51,14.096277,12.69,15.5,-6.320046,-6.47,-6.21,-91.076969,-134.35,0,13.414456,12.06,14.75,33.026043,32,34.2,4.105426,3.99,4.13,5967,6290,0,0,0,0,0,0,0,0
2020-11-09,10,2,0.496875,0,1.9,0,0,0,16.73,16.08,18.39,-3.396875,-3.87,-2.13,-1.36375,-4.04,0,16.10625,15.49,17.75,39.38125,27,60.5,2.864375,2.67,2.93,1,10,0,0,10,0,0,0,2,0
2020-11-27,2,1,29.585,29.42,29.75,0,0,0,29.8,29.8,29.8,0.04,0.03,0.05,1.095,0.82,1.37,24.655,24.65,24.66,31.5,31.3,31.7,0.27,0.27,0.27,1,1,0,0,2,0,0,0,0,0
