ts,n_samples,solar_v_avg,solar_v_min,solar_v_max,solar2_v_avg,solar2_v_min,solar2_v_max,battery_v_avg,battery_v_min,battery_v_max,current_a_chA_avg,current_a_chA_min,current_a_chA_max,current_a_chB_avg,current_a_chB_min,current_a_chB_max,load_v_avg,load_v_min,load_v_max,wind_v_avg,wind_v_min,wind_v_max,dump_adc_avg,dump_adc_min,dump_adc_max,lipo_v_avg,lipo_v_min,lipo_v_max,boot_count_min,boot_count_max,solar_v_n_oor,solar2_v_n_oor,battery_v_n_oor,load_v_n_oor,wind_v_n_oor,lipo_v_n_oor
2020-05-30T06:00:00Z,1,34.034,34.034,34.034,,,,2.085,2.085,2.085,797,797,797,440,440,440,4.154,4.154,4.154,0,0,0,0,0,0,0.001,0.001,0.001,,,1,0,1,0,0,0
2020-06-05T00:00:00Z,1,1.945,1.945,1.945,,,,3.056,3.056,3.056,2870,2870,2870,2722,2722,2722,2.99,2.99,2.99,0.563,0.563,0.563,866,866,866,4.19,4.19,4.19,97,97,0,0,1,0,0,0
2020-06-05T03:00:00Z,3,2.155,1.823,2.464,,,,2.723,2.039,3.074,2886.666667,2881,2894,2732,2732,2732,5.202,3,6.6,1.272667,0.255,3.3,3025,2709,3300,1.413667,0.001,4.238,1,1,0,0,3,0,0,0
2020-06-05T04:00:00Z,5,12.7648,12.342,13.178,,,,12.3908,11.9,12.699,974.8,959,1002,1110.4,982,1321,3.3,3.3,3.3,1.7462,0.668,3.3,2170.4,0,3300,5.1772,4.212,6.6,1,2,0,0,0,0,0,2
2020-06-05T08:00:00Z,3,1.951667,1.861,2.011,,,,2.199,2.039,2.293,2883.333333,2874,2898,2731.333333,2726,2739,3.204,3.012,3.3,2.281667,0.245,3.3,3030,2490,3300,5.812667,4.238,6.6,1,6,0,0,3,0,0,2
2020-06-05T09:00:00Z,56,6.188036,1.795,12.586,,,,6.244107,1.917,12.473,2059.910714,878,3010,2055.660714,1009,2835,3.126536,2.987,3.3,0.732429,0.559,0.982,961.125,0,2758,4.191821,4.166,4.242,2,59,0,0,32,0,0,0
2020-06-05T10:00:00Z,56,6.436107,1.635,15.171,,,,6.126089,1.861,11.815,2025.821429,982,2909,1841,0,2745,2.963804,2.214,3.3,0.668304,0.44,0.956,631.857143,561,705,4.173893,4.156,4.186,61,117,0,0,33,0,0,0
2020-06-05T11:00:00Z,55,1.017182,0,11.11,,,,10.795127,10.64,10.941,1057.090909,1047,1071,1057.818182,1038,1076,2.236727,2.219,2.252,0.444564,0.44,0.45,565.163636,559,572,4.164327,4.15,4.182,119,174,0,0,0,0,0,0
2020-06-05T12:00:00Z,57,0,0,0,,,,10.68407,10.49,11.693,1056.350877,966,1072,1056.614035,971,1072,2.269456,2.233,3.3,0.455877,0.441,0.948,566.45614,559,691,4.156281,4.136,4.174,175,232,0,0,0,0,0,0
2020-06-05T13:00:00Z,57,0,0,0,,,,11.701,11.59,11.815,974.631579,966,985,975.789474,962,989,3.3,3.3,3.3,0.951123,0.944,0.956,695.631579,691,705,4.151263,4.134,4.17,233,290,0,0,0,0,0,0
2020-06-05T14:00:00Z,57,0,0,0,,,,11.730667,11.599,11.834,973.526316,962,984,975.508772,960,985,3.3,3.3,3.3,0.951421,0.945,0.956,698.105263,691,706,4.142737,4.132,4.16,291,347,0,0,0,0,0,0
2020-06-05T15:00:00Z,57,0,0,0,,,,11.737965,11.627,11.844,972.912281,962,983,974.649123,962,985,3.3,3.3,3.3,0.950807,0.944,0.956,699.298246,691,707,4.138491,4.128,4.156,348,405,0,0,0,0,0,0
2020-06-05T16:00:00Z,56,0,0,0,,,,11.758786,11.646,11.853,970.785714,959,982,972.910714,962,982,3.3,3.3,3.3,0.951196,0.943,0.956,701.410714,691,710,4.133571,4.12,4.146,407,463,0,0,0,0,0,0
2020-06-05T17:00:00Z,55,0,0,0,,,,11.763182,11.656,11.853,970.290909,959,982,972.836364,959,982,3.3,3.3,3.3,0.951091,0.944,0.956,703.745455,696,712,4.129345,4.116,4.14,464,520,0,0,0,0,0,0
2020-06-05T18:00:00Z,56,0,0,0,,,,11.790357,11.665,11.853,965.857143,957,982,968.732143,959,982,3.3,3.3,3.3,0.949571,0.944,0.956,703.214286,696,708,4.121536,4.11,4.134,522,578,0,0,0,0,0,0
2020-06-05T19:00:00Z,55,0,0,0,,,,11.815927,11.656,11.853,962.927273,956,979,966.436364,959,982,3.3,3.3,3.3,0.950309,0.944,0.956,705.2,701,710,4.116,4.104,4.132,579,635,0,0,0,0,0,0
2020-06-05T20:00:00Z,58,0,0,0,,,,11.816345,11.721,11.853,963.034483,956,976,967.103448,959,982,3.3,3.3,3.3,0.951552,0.947,0.956,707.137931,702,712,4.111586,4.102,4.13,636,693,0,0,0,0,0,0
2020-06-05T21:00:00Z,58,0,0,0,,,,11.78081,11.665,11.853,965.948276,956,976,968.655172,957,982,3.3,3.3,3.3,0.951034,0.944,0.956,708.034483,699,714,4.109138,4.096,4.128,694,751,0,0,0,0,0,0
2020-06-05T22:00:00Z,58,6.082276,0,12.614,,,,11.77569,11.665,11.853,966.965517,957,982,973.862069,957,995,3.3,3.3,3.3,0.951914,0.944,0.956,709.155172,700,718,4.10631,4.094,4.124,752,809,0,0,0,0,0,0
2020-06-05T23:00:00Z,55,12.2782,11.891,12.831,,,,11.858545,11.712,12.05,964.981818,956,977,991.181818,976,1009,3.3,3.3,3.3,0.9508,0.944,0.956,709.163636,700,717,4.103018,4.09,4.116,810,866,0,0,0,0,0,0
2020-06-06T00:00:00Z,57,12.549491,12.116,13.197,,,,12.125386,11.881,12.342,954.982456,942,969,1023.508772,995,1053,3.3,3.3,3.3,0.949526,0.942,0.956,709.333333,703,715,4.099684,4.088,4.114,867,924,0,0,0,0,0,0
2020-06-06T01:00:00Z,58,13.085707,12.445,13.912,,,,12.599552,12.238,13.075,925.431034,879,956,1088.5,1022,1142,3.3,3.3,3.3,0.939672,0.918,0.952,705.5,696,714,4.096621,4.08,4.11,925,982,0,0,0,0,0,0
2020-06-06T02:00:00Z,55,11.813709,10.96,14.081,,,,11.454018,10.828,13.113,1021.454545,871,1058,1185.090909,1048,1369,2.356,2.139,3.3,0.508127,0.427,0.944,598.6,569,703,4.088073,4.078,4.104,983,1039,0,0,0,0,0,0
2020-06-06T03:00:00Z,57,11.653474,10.866,12.943,,,,11.252579,10.772,12.069,1044.157895,1032,1060,1226.245614,1095,1448,2.190526,2.108,2.243,0.436965,0.42,0.447,576.736842,566,586,4.087649,4.078,4.104,1040,1097,0,0,0,0,0,0
2020-06-06T04:00:00Z,55,11.388255,10.866,12.614,,,,11.020782,10.678,11.806,1048.290909,1035,1062,1183.927273,1094,1458,2.215818,2.121,2.25,0.441345,0.424,0.45,573.963636,560,586,4.086618,4.078,4.104,1098,1155,0,0,0,0,0,0
2020-06-06T05:00:00Z,58,11.502776,10.847,12.483,,,,11.151224,10.734,11.75,1047.827586,1035,1061,1245.551724,1138,1453,2.200862,2.138,2.246,0.438448,0.427,0.448,569.017241,560,582,4.083793,4.074,4.1,1156,1213,0,0,0,0,0,0
2020-06-06T06:00:00Z,57,11.564333,10.8,12.633,,,,11.219439,10.65,11.994,1048.035088,1032,1061,1265.491228,1134,1468,2.194474,2.115,2.25,0.437456,0.425,0.45,567.45614,560,578,4.083263,4.074,4.096,1214,1270,0,0,0,0,0,0
2020-06-06T07:00:00Z,56,11.516982,10.828,12.417,,,,11.227179,10.706,11.872,1047.089286,1035,1061,1250.25,1105,1417,2.194821,2.126,2.252,0.437893,0.427,0.45,565.660714,559,572,4.080357,4.07,4.096,1271,1328,0,0,0,0,0,0
2020-06-06T08:00:00Z,58,11.690241,10.65,12.972,,,,11.274155,10.565,12.116,1019.551724,952,1064,1123.275862,1005,1289,2.618241,2.186,3.3,0.626759,0.434,0.952,610.913793,559,697,4.081483,4.07,4.096,1329,1386,0,0,0,0,0,0
2020-06-06T09:00:00Z,55,12.231564,11.928,12.746,,,,11.828164,11.712,11.975,969.836364,959,982,980.872727,969,996,3.3,3.3,3.3,0.949764,0.943,0.956,693.381818,690,701,4.081018,4.07,4.096,1388,1443,0,0,0,0,0,0
2020-06-06T10:00:00Z,56,11.777107,5.611,12.671,,,,11.817875,11.721,11.9,968.732143,959,982,977.285714,969,995,3.3,3.3,3.3,0.949911,0.942,0.956,693.553571,691,700,4.077571,4.064,4.09,1444,1501,0,0,0,0,0,0
2020-06-06T11:00:00Z,58,0.795328,0,4.38,,,,11.811414,11.712,11.862,966.87931,957,979,969.586207,957,982,3.3,3.3,3.3,0.94981,0.942,0.956,694.62069,691,701,4.076448,4.064,4.09,1502,1559,0,0,0,0,0,0
2020-06-06T12:00:00Z,57,0,0,0,,,,11.812544,11.712,11.872,964.754386,956,976,967,957,979,3.3,3.3,3.3,0.948895,0.942,0.954,694.245614,691,701,4.075263,4.06,4.088,1560,1616,0,0,0,0,0,0
2020-06-06T13:00:00Z,58,0,0,0,,,,11.803672,11.712,11.853,965.068966,956,977,966.827586,957,979,3.3,3.3,3.3,0.947983,0.942,0.953,695.517241,690,705,4.073276,4.062,4.084,1617,1674,0,0,0,0,0,0
2020-06-06T14:00:00Z,58,0,0,0,,,,11.798931,11.703,11.853,964.465517,956,976,966.293103,956,977,3.3,3.3,3.3,0.948259,0.942,0.953,696.896552,691,705,4.071345,4.06,4.084,1675,1732,0,0,0,0,0,0
2020-06-06T15:00:00Z,57,0,0,0,,,,11.80014,11.684,11.862,963.385965,956,976,965.701754,956,979,3.3,3.3,3.3,0.948614,0.942,0.956,698.561404,691,705,4.071088,4.058,4.082,1733,1790,0,0,0,0,0,0
2020-06-06T16:00:00Z,56,0,0,0,,,,11.790804,11.693,11.853,963.910714,956,974,965.714286,956,976,3.3,3.3,3.3,0.948036,0.942,0.954,699.607143,691,705,4.069893,4.058,4.08,1791,1847,0,0,0,0,0,0
2020-06-06T17:00:00Z,58,0,0,0,,,,11.809862,11.721,11.853,961.448276,956,972,963.965517,956,972,3.3,3.3,3.3,0.949052,0.942,0.954,702.12069,694,708,4.067207,4.054,4.08,1848,1905,0,0,0,0,0,0
2020-06-06T18:00:00Z,58,0,0,0,,,,11.781845,11.693,11.853,963.206897,956,976,965.62069,956,976,3.3,3.3,3.3,0.948466,0.942,0.954,702.465517,694,710,4.068414,4.054,4.08,1906,1963,0,0,0,0,0,0
2020-06-06T19:00:00Z,58,0,0,0,,,,11.794793,11.674,11.853,961.413793,956,972,963.637931,957,976,3.3,3.3,3.3,0.947914,0.942,0.955,702.775862,696,708,4.06631,4.05,4.078,1964,2021,0,0,0,0,0,0
2020-06-06T20:00:00Z,57,0,0,0,,,,11.793614,11.703,11.853,960.631579,956,971,962.508772,956,972,3.3,3.3,3.3,0.947737,0.942,0.953,704.017544,698,710,4.063158,4.05,4.078,2022,2078,0,0,0,0,0,0
2020-06-06T21:00:00Z,58,0,0,0,,,,11.782466,11.684,11.853,961.517241,956,971,962.551724,956,971,3.3,3.3,3.3,0.947362,0.942,0.953,704.465517,698,712,4.063621,4.05,4.078,2079,2136,0,0,0,0,0,0
2020-06-06T22:00:00Z,58,6.429603,0,12.614,,,,11.785638,11.674,11.853,961.775862,956,972,968.448276,956,984,3.3,3.3,3.3,0.948621,0.942,0.954,706.086207,700,714,4.062655,4.048,4.078,2137,2194,0,0,0,0,0,0
2020-06-06T23:00:00Z,58,12.343759,11.956,12.831,,,,11.901103,11.721,12.032,958.637931,951,969,983.017241,969,1002,3.3,3.3,3.3,0.94831,0.942,0.954,706.034483,699,714,4.060172,4.048,4.078,2195,2252,0,0,0,0,0,0
2020-06-07T00:00:00Z,58,12.658138,12.097,13.216,,,,12.187155,11.947,12.436,950,942,962,1014.293103,989,1048,3.3,3.3,3.3,0.946034,0.938,0.952,705,698,711,4.060172,4.044,4.076,2253,2310,0,0,0,0,0,0
2020-06-07T01:00:00Z,57,13.200684,12.52,13.959,,,,12.688491,12.342,13.019,921.035088,898,952,1072.508772,996,1102,3.3,3.3,3.3,0.937228,0.928,0.947,702.350877,693,710,4.057544,4.044,4.076,2311,2367,0,0,0,0,0,0
2020-06-07T02:00:00Z,58,11.959052,10.941,13.752,,,,11.547672,10.8,13.084,1025.775862,890,1060,1229.327586,1028,1369,2.314741,2.141,3.3,0.494466,0.427,0.942,592.862069,568,705,4.054414,4.038,4.074,2368,2425,0,0,0,0,0,0
2020-06-07T03:00:00Z,58,11.851414,10.857,12.84,,,,11.399293,10.781,12.041,1042.189655,1031,1055,1266.396552,1114,1417,2.176828,2.105,2.247,0.434517,0.425,0.449,573.758621,566,582,4.054379,4.038,4.068,2426,2483,0,0,0,0,0,0
2020-06-07T04:00:00Z,57,12.350175,11.27,13.084,,,,11.882561,11.082,12.173,1036.473684,1027,1056,1373.526316,1136,1473,2.124579,2.091,2.217,0.426614,0.417,0.442,567.403509,559,572,4.051649,4.036,4.064,2484,2540,0,0,0,0,0,0
2020-06-07T05:00:00Z,58,12.398224,11.204,13.094,,,,11.978448,11.054,12.238,1037.637931,1028,1056,1387.5,1128,1465,2.115552,2.083,2.212,0.425276,0.417,0.44,564.224138,559,572,4.051724,4.038,4.068,2541,2598,0,0,0,0,0,0
2020-06-07T06:00:00Z,58,12.353983,11.298,13.131,,,,11.958845,11.016,12.304,1038.224138,1028,1056,1369.982759,1123,1466,2.117897,2.083,2.2,0.425948,0.418,0.44,561.310345,559,569,4.050345,4.034,4.064,2599,2656,0,0,0,0,0,0
2020-06-07T07:00:00Z,58,11.504224,11.016,12.849,,,,11.185655,10.922,12.126,1048.37931,1035,1061,1162.741379,1092,1417,2.200586,2.101,2.229,0.438621,0.425,0.445,560.844828,557,566,4.048931,4.034,4.064,2657,2714,0,0,0,0,0,0
2020-06-07T08:00:00Z,56,11.304589,10.875,12.342,,,,10.987107,10.781,11.515,1051.392857,1036,1061,1144.642857,1108,1308,2.21925,2.154,2.239,0.441429,0.427,0.447,558.428571,553,563,4.050786,4.034,4.064,2715,2771,0,0,0,0,0,0
2020-06-07T09:00:00Z,58,11.125224,10.631,12.586,,,,10.829431,10.556,11.9,1046,962,1066,1063.137931,976,1105,2.3575,2.23,3.3,0.497914,0.44,0.951,571.810345,554,691,4.049931,4.034,4.068,2772,2829,0,0,0,0,0,0
2020-06-07T10:00:00Z,58,9.51081,3.29,12.718,,,,11.851155,11.75,11.947,966.896552,959,976,975.637931,963,989,3.3,3.3,3.3,0.949966,0.942,0.954,688.448276,681,692,4.053,4.034,4.068,2830,2887,0,0,0,0,0,0
2020-06-07T11:00:00Z,57,1.400123,0,10.208,,,,11.857421,11.768,11.928,963.894737,957,976,966.157895,956,980,3.3,3.3,3.3,0.94886,0.943,0.955,689.315789,684,693,4.048667,4.034,4.064,2888,2944,0,0,0,0,0,0
2020-06-07T12:00:00Z,58,0,0,0,,,,11.867103,11.815,11.938,962.655172,956,969,964.586207,956,972,3.3,3.3,3.3,0.948569,0.942,0.954,690.827586,686,695,4.050414,4.034,4.064,2945,3002,0,0,0,0,0,0
2020-06-07T13:00:00Z,58,0,0,0,,,,11.855259,11.778,11.919,962.672414,956,969,964.913793,956,972,3.3,3.3,3.3,0.947948,0.942,0.953,691.810345,688,696,4.050448,4.03,4.064,3003,3060,0,0,0,0,0,0
2020-06-07T14:00:00Z,57,0,0,0,,,,11.861596,11.768,11.938,961.526316,956,969,963.964912,956,972,3.3,3.3,3.3,0.949,0.943,0.954,694.140351,691,703,4.050316,4.03,4.062,3061,3118,0,0,0,0,0,0
2020-06-07T15:00:00Z,57,0,0,0,,,,11.860737,11.787,11.919,960.807018,956,969,963.122807,956,969,3.3,3.3,3.3,0.948474,0.943,0.953,695.719298,691,701,4.047509,4.03,4.058,3119,3175,0,0,0,0,0,0
2020-06-07T16:00:00Z,58,0,0,0,,,,11.855431,11.778,11.919,960.396552,956,969,962.5,956,971,3.3,3.3,3.3,0.948121,0.942,0.954,697.482759,691,703,4.046897,4.03,4.06,3176,3233,0,0,0,0,0,0
2020-06-07T17:00:00Z,58,0,0,0,,,,11.857672,11.778,11.909,959.155172,952,969,961.689655,956,969,3.3,3.3,3.3,0.948397,0.942,0.953,700.017241,691,705,4.044655,4.026,4.058,3234,3291,0,0,0,0,0,0
2020-06-07T18:00:00Z,58,0,0,0,,,,11.846517,11.778,11.928,960.189655,956,969,963.793103,956,969,3.3,3.3,3.3,0.948138,0.942,0.952,700.982759,694,705,4.047,4.026,4.056,3292,3349,0,0,0,0,0,0
2020-06-07T19:00:00Z,57,0,0,0,,,,11.833491,11.778,11.9,960.263158,956,966,962.736842,956,969,3.3,3.3,3.3,0.946246,0.942,0.952,700.473684,695,708,4.043333,4.026,4.056,3350,3406,0,0,0,0,0,0
2020-06-07T20:00:00Z,58,0,0,0,,,,11.837103,11.768,11.9,958.586207,952,964,960.793103,952,969,3.3,3.3,3.3,0.946069,0.942,0.951,701.344828,695,705,4.039448,4.022,4.05,3407,3464,0,0,0,0,0,0
2020-06-07T21:00:00Z,58,0,0,0,,,,11.83369,11.768,11.9,957.87931,951,962,959.5,952,969,3.3,3.3,3.3,0.945793,0.942,0.952,703.172414,698,708,4.035517,4.018,4.05,3465,3522,0,0,0,0,0,0
2020-06-07T22:00:00Z,58,5.498241,0,12.596,,,,11.823793,11.75,11.872,958.586207,952,966,963.827586,956,977,3.3,3.3,3.3,0.947655,0.942,0.953,705.241379,699,713,4.034103,4.014,4.048,3523,3580,0,0,0,0,0,0
2020-06-07T23:00:00Z,57,12.351579,12.003,12.925,,,,11.925368,11.806,12.097,955.701754,946,962,975.438596,962,995,3.3,3.3,3.3,0.947,0.942,0.952,704.508772,700,710,4.02786,4.01,4.04,3581,3637,0,0,0,0,0,0
2020-06-08T00:00:00Z,57,12.747158,12.267,13.573,,,,12.361193,11.975,12.699,938.947368,916,956,1019.964912,982,1058,3.3,3.3,3.3,0.942702,0.938,0.951,702.912281,699,708,4.02193,4.002,4.036,3638,3695,0,0,0,0,0,0
2020-06-08T01:00:00Z,58,12.587638,11.139,14.024,,,,12.201793,10.988,13.094,958.913793,890,1048,1086.396552,1022,1284,2.975,2.158,3.3,0.791207,0.427,0.944,666.62069,572,707,4.01469,3.994,4.03,3696,3753,0,0,0,0,0,0
2020-06-08T02:00:00Z,58,11.77619,11.054,12.614,,,,11.415621,10.894,11.825,1040.275862,1026,1048,1274.5,1113,1400,2.171879,2.129,2.219,0.431345,0.422,0.442,576.275862,567,584,4.008379,3.984,4.024,3754,3811,0,0,0,0,0,0
2020-06-08T03:00:00Z,58,12.463603,11.721,14.043,,,,12.083948,11.139,13.338,985.982759,788,1048,1316.672414,1070,1405,2.394483,2.106,3.3,0.527828,0.42,0.934,596.344828,565,698,4.005276,3.982,4.02,3812,3869,0,0,0,0,0,0
2020-06-08T04:00:00Z,57,13.510281,12.22,14.795,,,,13.070684,12.022,14.081,838.245614,784,926,1152.017544,1061,1199,3.3,3.3,3.3,0.891368,0.866,0.931,684.263158,678,696,4.004491,3.982,4.02,3870,3926,0,0,0,0,0,0
2020-06-08T05:00:00Z,58,14.031397,13.103,14.814,,,,13.545931,12.84,14.062,849.344828,797,918,1135.810345,1055,1185,3.3,3.3,3.3,0.899741,0.876,0.934,686.37931,678,700,4.001552,3.976,4.018,3927,3984,0,0,0,0,0,0
2020-06-08T06:00:00Z,58,14.370017,13.357,14.974,,,,13.875103,12.99,14.335,828.62069,798,919,1152.482759,1048,1180,3.3,3.3,3.3,0.889345,0.876,0.94,682.637931,676,699,4.00069,3.976,4.014,3985,4042,0,0,0,0,0,0
2020-06-08T07:00:00Z,56,14.307714,13.31,15.077,,,,13.778982,13.019,14.353,858.446429,813,929,1126.303571,1048,1168,3.3,3.3,3.3,0.90375,0.881,0.94,683.178571,673,695,3.994964,3.974,4.012,4043,4100,0,0,0,0,0,0
2020-06-08T08:00:00Z,58,14.325862,13.526,15.124,,,,13.760379,13.141,14.194,884.603448,837,949,1100.431034,1022,1143,3.3,3.3,3.3,0.918207,0.895,0.942,684.431034,672,693,3.994345,3.972,4.006,4101,4158,0,0,0,0,0,0
2020-06-08T09:00:00Z,56,13.864446,13.094,14.711,,,,13.381518,12.831,13.883,923.535714,890,956,1048.482143,984,1101,3.3,3.3,3.3,0.936161,0.919,0.951,688.375,681,697,3.993321,3.972,4.008,4159,4215,0,0,0,0,0,0
2020-06-08T10:00:00Z,58,13.399948,12.793,14.006,,,,12.904759,12.577,13.216,951.086207,936,962,991.413793,942,1028,3.3,3.3,3.3,0.945879,0.942,0.953,690.37931,686,695,3.990207,3.962,4.004,4216,4273,0,0,0,0,0,0
2020-06-08T11:00:00Z,58,2.271362,0,13.432,,,,12.578828,12.502,12.661,959.103448,952,969,962.293103,942,976,3.3,3.3,3.3,0.946466,0.942,0.953,689.965517,686,694,3.987241,3.962,4,4274,4331,0,0,0,0,0,0
2020-06-09T13:00:00Z,23,3.564696,0.74,4.095,,,,3.567652,0.757,4.095,3018.043478,943,4095,2736.391304,218,3967,2.265696,0.067,4.095,4.095,4.095,4.095,2244.304348,108,4095,0,0,0,2360,2415,0,0,23,0,0,0
2020-06-09T14:00:00Z,52,3.970643,1.634,4.095,,,,4.635674,1.646,11.626,3529.5,1008,4022,3207.134615,1010,3647,4.425978,1.624,10.821,3.843548,0.027,4.095,2378.153846,318,5075,0.141346,0,0.735,2356,4141,0,0,42,0,0,0
2020-06-09T15:00:00Z,58,,,,,,,11.558138,11.498,11.626,1011.465517,1009,1014,1014.775862,1010,1018,10.747276,10.693,10.821,,,,3796.293103,3504,4451,0.735,0.735,0.735,4056,4075,0,0,0,0,0,0
2020-06-09T16:00:00Z,57,,,,,,,11.458368,11.392,11.904,1011.964912,1009,1015,1015.421053,1010,1019,10.642196,10.603,10.693,,,,3372.245614,3295,3494,0.735,0.735,0.735,4048,4057,0,0,0,0,0,0
2020-06-09T17:00:00Z,56,,,,,,,11.972464,11.911,12.009,1005.678571,1004,1008,1008.696429,1005,1013,,,,,,,3392.571429,3305,3483,0.735,0.735,0.735,4041,4049,0,0,0,0,0,0
2020-06-09T18:00:00Z,58,,,,,,,12.009345,11.987,12.032,1004.448276,1003,1006,1007.637931,1004,1011,,,,,,,3516.706897,3477,3562,0.735,0.735,0.735,4035,4043,0,0,0,0,0,0
2020-06-09T19:00:00Z,58,,,,,,,12.02531,12.009,12.039,1003.672414,1002,1006,1006.87931,1003,1010,,,,,,,3621.327586,3564,3678,0.735,0.735,0.735,4030,4036,0,0,0,0,0,0
2020-06-09T20:00:00Z,55,,,,,,,12.0356,12.024,12.047,1002.636364,1002,1005,1006.436364,1004,1010,,,,,,,3706.509091,3658,3757,0.735,0.735,0.735,4025,4031,0,0,0,0,0,0
2020-06-09T21:00:00Z,58,,,,,,,12.040914,12.024,12.054,1002.293103,1001,1004,1005.913793,1002,1010,,,,,,,3811.172414,3757,3869,0.735,0.735,0.735,4020,4027,0,0,0,0,0,0
2020-06-09T22:00:00Z,58,8.917295,-0.736,12.761,,,,12.059621,12.039,12.114,1001.896552,1000,1003,1008.155172,1003,1017,,,,,,,3912.310345,3871,3933,0.735,0.735,0.735,4015,4023,2,0,0,0,0,0
2020-06-09T23:00:00Z,58,12.427086,12.19,12.957,,,,12.163,12.114,12.295,1000,998,1002,1021.327586,1010,1039,,,,,,,3961.568966,3925,4001,0.735,0.735,0.735,4012,4019,0,0,0,0,0,0
2020-06-10T00:00:00Z,55,12.771909,12.393,13.408,,,,12.490782,12.302,12.859,996.345455,992,998,1075.963636,1041,1152,,,,,,,4014.727273,3958,4046,0.735,0.735,0.735,4007,4012,0,0,0,0,0,0
2020-06-10T01:00:00Z,58,12.471914,12.002,13.611,,,,12.10981,11.881,12.896,1000.241379,992,1003,1151.482759,1114,1192,11.17984,11.069,11.377,,,,3917.448276,3753,4038,0.735,0.735,0.735,4004,4011,0,0,0,0,0,0
2020-06-10T02:00:00Z,58,12.102155,11.896,12.641,,,,11.815534,11.768,11.881,1003.844828,1002,1006,1127.344828,1110,1170,11.003103,10.956,11.077,,,,3515.965517,3372,3752,0.735,0.735,0.735,4001,4007,0,0,0,0,0,0
2020-06-10T03:00:00Z,58,12.313241,11.919,13.092,,,,11.976345,11.799,12.52,1002.586207,997,1006,1194.172414,1141,1355,11.166534,10.971,11.708,,,,3335.172414,3309,3385,0.735,0.735,0.735,3998,4003,0,0,0,0,0,0
2020-06-10T04:00:00Z,57,12.739526,12.084,13.588,,,,12.346596,11.964,12.754,999.105263,994,1003,1268.526316,1128,1404,11.539807,11.159,11.964,,,,3314.385965,3295,3340,0.735,0.735,0.735,3994,3999,0,0,0,0,0,0
2020-06-10T05:00:00Z,58,12.838655,11.972,13.897,,,,12.460034,11.829,13.047,998.344828,993,1005,1289.568966,1110,1429,11.649121,11.032,12.242,,,,3321.344828,3282,3353,0.735,0.735,0.735,3991,3998,0,0,0,0,0,0
2020-06-10T06:00:00Z,58,12.271759,11.671,13.445,,,,11.931603,11.535,12.754,1004.172414,996,1009,1140.37931,1042,1354,11.121483,10.731,11.941,,,,3296.172414,3223,3546,0.735,0.735,0.735,3990,3996,0,0,0,0,0,0
2020-06-10T07:00:00Z,57,11.850509,11.565,12.317,,,,11.53186,11.46,11.626,1007.842105,1006,1010,1045.45614,1025,1064,10.718509,10.648,10.806,4.91685,-0.879,14.686,3340.245614,1747,3705,0.735,0.735,0.735,3983,4011,0,0,0,0,3,0
2020-06-10T08:00:00Z,57,11.882175,11.528,12.603,,,,11.571772,11.423,11.964,1008.912281,1004,1011,1052.22807,1028,1072,10.660622,10.618,10.716,-0.601,-0.601,-0.601,3298.157895,3112,3371,0.735,0.735,0.735,3988,3993,0,0,0,0,1,0
2020-06-10T09:00:00Z,57,12.193947,11.972,12.581,,,,11.915228,11.896,11.949,1005.649123,1004,1006,1014.035088,1009,1027,,,,8.387167,0.564,12.28,2577.403509,1962,3313,0.735,0.735,0.735,3985,3993,0,0,0,0,0,0
2020-06-10T10:00:00Z,58,8.431862,4.925,11.987,,,,11.909931,11.896,11.926,1005.103448,1003,1006,1008.413793,1005,1011,,,,7.7544,6.061,9.49,3158.603448,2327,3324,0.735,0.735,0.735,3985,3990,0,0,0,0,0,0
2020-06-10T11:00:00Z,58,2.085667,-0.984,4.64,,,,11.916431,11.904,11.934,1004.241379,1003,1006,1007.086207,1005,1010,,,,6.311333,0.052,7.993,3291.068966,2559,3400,0.735,0.735,0.735,3982,3986,4,0,0,0,0,0
2020-06-10T12:00:00Z,57,,,,,,,11.923526,11.911,11.949,1003.140351,1002,1004,1006.298246,1003,1010,,,,,,,3446.631579,3401,3504,0.735,0.735,0.735,3980,3985,0,0,0,0,0,0
2020-06-10T13:00:00Z,58,,,,,,,11.92931,11.911,11.949,1002.137931,1001,1003,1005.465517,1002,1008,,,,,,,3546.37931,3498,3596,0.735,0.735,0.735,3978,3983,0,0,0,0,0,0
2020-06-10T14:00:00Z,58,,,,,,,11.931397,11.919,11.949,1001.586207,999,1003,1004.948276,1002,1010,,,,,,,3665.034483,3601,3726,0.735,0.735,0.735,3978,3982,0,0,0,0,0,0
2020-06-10T15:00:00Z,58,,,,,,,11.931483,11.919,11.949,1001.086207,999,1002,1004.517241,1002,1007,,,,,,,3796.724138,3729,3859,0.735,0.735,0.735,3975,3982,0,0,0,0,0,0
2020-06-10T16:00:00Z,58,,,,,,,11.938052,11.926,11.956,1000.206897,998,1002,1003.724138,1000,1006,,,,,,,3914.431034,3861,3969,0.735,0.735,0.735,3974,3980,0,0,0,0,0,0
2020-06-10T17:00:00Z,56,,,,,,,11.941714,11.926,11.964,999.5,998,1001,1002.964286,1001,1007,,,,,,,4021.589286,3966,4075,0.735,0.735,0.735,3972,3978,0,0,0,0,0,0
2020-06-10T18:00:00Z,58,,,,0.735,0.735,0.735,11.941362,11.926,11.956,998.913793,998,1001,1002.5,998,1006,,,,,,,4136.310345,4078,4191,2.633672,0.735,3.977,631,3977,0,0,0,0,0,0
2020-06-10T19:00:00Z,58,,,,0.735,0.735,0.735,11.940793,11.926,11.956,998.465517,997,1000,1002.137931,997,1006,,,,,,,4253.12069,4191,4311,3.973155,3.97,3.975,665,722,0,0,0,0,0,0
2020-06-10T20:00:00Z,58,,,,0.735,0.735,0.735,11.937672,11.926,11.956,998.241379,997,1000,1001.931034,998,1006,,,,,,,4337.137931,4308,4363,3.971828,3.969,3.977,723,780,0,0,0,0,0,0
2020-06-10T21:00:00Z,58,,,,0.735,0.735,0.735,11.940431,11.926,11.956,997.948276,997,999,1001.465517,998,1004,,,,,,,4391.172414,4363,4413,3.9705,3.967,3.974,781,838,0,0,0,0,0,0
2020-06-10T22:00:00Z,58,8.421333,-0.586,12.581,0.735,0.735,0.735,11.947672,11.934,11.979,997.758621,996,998,1002.310345,998,1008,,,,,,,4412.172414,4400,4427,3.969414,3.967,3.972,839,896,2,0,0,0,0,0
2020-06-10T23:00:00Z,53,12.389925,12.039,12.949,0.735,0.735,0.735,12.128245,11.979,12.28,995.698113,994,998,1028.113208,1009,1049,,,,,,,4365.037736,4257,4406,3.968566,3.966,3.972,897,953,0,0,0,0,0,0
2020-06-11T00:00:00Z,58,12.701052,12.348,13.385,0.735,0.735,0.735,12.384534,12.265,12.633,993.189655,990,995,1074.517241,1046,1142,,,,,,,4389,4339,4429,3.968086,3.966,3.97,954,1011,0,0,0,0,0,0
2020-06-11T01:00:00Z,58,12.927638,12.551,13.573,0.735,0.735,0.735,12.635672,12.46,12.836,990.586207,988,994,1121.431034,1063,1186,,,,5.0818,-0.759,7.422,4341.103448,3420,4443,3.966897,3.964,3.97,1012,1069,0,0,0,0,1,0
2020-06-11T02:00:00Z,58,13.004966,12.588,13.694,0.735,0.735,0.735,12.708948,12.49,12.919,990.034483,987,993,1117.172414,1058,1172,,,,6.861419,1.316,10.182,3855.87931,2991,4406,3.965052,3.962,3.969,1070,1127,0,0,0,0,0,0
2020-06-11T03:00:00Z,58,12.944724,12.348,13.686,0.735,0.735,0.735,12.621966,12.197,12.934,991.431034,986,997,1164.37931,1121,1211,11.45525,11.392,11.513,4.345167,-0.789,7.926,4217.189655,3236,4372,3.963897,3.961,3.967,1128,1185,0,0,0,0,1,0
2020-06-11T04:00:00Z,56,12.493821,12.114,13.077,0.735,0.735,0.735,12.112768,11.994,12.287,997.410714,995,999,1167.803571,1123,1208,11.300929,11.182,11.468,5.422789,0.233,11.114,3792.785714,2637,4189,3.963643,3.961,3.967,1186,1242,0,0,0,0,0,0
2020-06-11T05:00:00Z,58,12.645034,12.227,13.242,1.762379,0.735,12.879,12.260603,12.092,12.475,995.327586,986,998,1211.465517,1170,1266,11.449759,11.272,11.671,2.727111,-0.699,8.227,3868.689655,2916,3996,3.966862,3.959,4.012,1243,1300,0,0,0,0,3,0
2020-06-11T06:00:00Z,58,12.635,12.28,13.581,4.664621,4.598,4.763,12.291621,12.129,12.761,989.396552,985,990,1197.586207,1144,1323,11.477,11.332,11.949,2.558375,-0.518,7.302,3692.568966,2961,3914,4.046241,4.006,4.104,1301,1358,0,0,0,0,1,0
2020-06-11T07:00:00Z,58,12.261759,11.994,12.934,11.358362,4.74,12.476,11.96819,11.866,12.235,1008.12069,990,1013,1175.568966,1156,1209,11.151828,11.062,11.415,2.7475,-0.984,8.685,3502.017241,2666,3683,4.126724,4.11,4.142,1359,1416,0,0,0,0,2,0
2020-06-11T08:00:00Z,57,12.221368,11.814,12.701,7.843053,4.58,12.279,11.818193,11.716,11.941,1002.736842,994,1015,1095.666667,1050,1187,10.995246,10.904,11.152,,,,3403.982456,3351,3465,4.126316,4.123,4.13,1417,1474,0,0,0,0,0,0
2020-06-11T09:00:00Z,56,12.036161,11.693,12.46,4.569821,4.548,4.58,11.678,11.603,11.753,997.767857,995,1000,1051.375,1044,1056,10.869143,10.791,10.934,,,,3305.321429,3256,3393,4.126393,4.125,4.13,1475,1531,0,0,0,0,0,0
2020-06-11T10:00:00Z,57,12.128105,11.611,12.761,4.347965,3.443,4.548,11.868439,11.513,12.107,996.894737,992,1009,1023.192982,1003,1047,10.737571,10.693,10.783,,,,3296.333333,3229,3416,4.123298,4.115,4.13,1532,1589,0,0,0,0,0,0
2020-06-11T11:00:00Z,58,6.724433,-0.729,12.528,1.359328,0.735,3.961,11.906034,11.881,11.941,1006.87931,1004,1010,1010.827586,1006,1017,,,,,,,3485.724138,3400,3544,4.102017,4.091,4.117,1590,1647,2,0,0,0,0,0
2020-06-11T12:00:00Z,56,,,,0.735,0.735,0.735,11.913286,11.889,11.934,1006.571429,1004,1009,1009.089286,1006,1019,,,,,,,3536.339286,3509,3559,4.082357,4.073,4.093,1648,1704,0,0,0,0,0,0
2020-06-11T13:00:00Z,58,,,,0.735,0.735,0.735,11.917293,11.889,11.934,1005.672414,1003,1009,1008.87931,1005,1014,,,,,,,3506.482759,3491,3528,4.066121,4.059,4.075,1705,1762,0,0,0,0,0,0
2020-06-11T14:00:00Z,58,,,,0.735,0.735,0.735,11.925293,11.904,11.934,1004.741379,1002,1007,1007.706897,1003,1011,,,,5.349125,2.459,7.723,3441.344828,2692,3549,4.051586,4.046,4.057,1763,1820,0,0,0,0,0,0
2020-06-11T15:00:00Z,58,,,,0.735,0.735,0.735,11.924759,11.904,11.941,1003.603448,1002,1006,1007.741379,1005,1011,,,,7.287421,4.685,9.039,3277.896552,2549,3549,4.041103,4.035,4.048,1821,1878,0,0,0,0,0,0
2020-06-11T16:00:00Z,58,,,,0.735,0.735,0.735,11.930552,11.919,11.941,1003.034483,1001,1005,1006.362069,1002,1010,,,,,,,3532.724138,3522,3552,4.031224,4.027,4.036,1879,1936,0,0,0,0,0,0
2020-06-11T17:00:00Z,58,,,,0.735,0.735,0.735,11.933362,11.919,11.941,1002.241379,1001,1004,1005.310345,1003,1009,,,,,,,3592.62069,3546,3642,4.023,4.019,4.028,1937,1994,0,0,0,0,0,0
2020-06-11T18:00:00Z,58,,,,0.735,0.735,0.735,11.93569,11.926,11.949,1002.051724,1001,1003,1005.655172,1002,1010,,,,,,,3690.896552,3631,3771,4.014241,4.009,4.019,1995,2052,0,0,0,0,0,0
2020-06-11T19:00:00Z,57,,,,0.735,0.735,0.735,11.94107,11.926,11.956,1001.245614,999,1002,1004.631579,1001,1008,,,,,,,3855.298246,3753,3953,4.006456,4.003,4.012,2053,2109,0,0,0,0,0,0
2020-06-11T20:00:00Z,58,,,,0.735,0.735,0.735,11.941897,11.934,11.949,1000.637931,1000,1002,1004.396552,1001,1008,,,,,,,3965.086207,3945,3980,3.999828,3.996,4.003,2110,2167,0,0,0,0,0,0
2020-06-11T21:00:00Z,58,,,,0.735,0.735,0.735,11.943828,11.934,11.956,999.810345,998,1001,1003.724138,1001,1006,,,,,,,3958.275862,3925,3982,3.994707,3.991,3.998,2168,2225,0,0,0,0,0,0
2020-06-11T22:00:00Z,58,8.875022,-0.631,12.821,2.338121,0.735,4.273,11.995776,11.934,12.182,994.534483,978,1000,1000.706897,988,1009,,,,,,,3946.844828,3903,3966,3.990397,3.986,3.994,2226,2283,2,0,0,0,0,0
2020-06-11T23:00:00Z,58,12.526621,12.25,12.942,4.397414,4.282,4.529,12.24781,12.182,12.287,979.327586,977,986,1000.206897,993,1013,,,,,,,3918.448276,3900,3949,3.997121,3.986,4.017,2284,2341,0,0,0,0,0,0
2020-06-12T00:00:00Z,56,12.632,12.355,13.205,5.6085,4.538,12.591,12.379625,12.28,12.505,988.267857,985,1005,1045.803571,1013,1102,,,,6.5872,2.128,8.249,3804.982143,2935,3982,4.068536,4.017,4.142,2342,2399,0,0,0,0,0,0
2020-06-12T01:00:00Z,57,12.837754,11.934,13.603,12.572807,11.298,12.944,12.542509,11.806,12.844,1001.298246,997,1010,1156.350877,1093,1240,11.328857,11.024,11.423,3.5268,-0.368,7.896,3935.649123,2967,4012,4.125807,4.122,4.13,2400,2456,0,0,0,0,1,0
2020-06-12T02:00:00Z,57,12.408018,11.836,13.002,12.399404,11.624,12.939,11.979035,11.723,12.22,1007.789474,1004,1012,1191,1101,1274,11.160404,10.911,11.423,3.969154,-0.969,10.971,3728.929825,2448,3982,4.128246,4.123,4.133,2457,2514,0,0,0,0,1,0
2020-06-12T03:00:00Z,58,12.384293,11.979,12.851,12.506862,12.155,12.696,11.978828,11.814,12.054,1008.965517,1007,1011,1212.396552,1159,1239,11.164759,11.016,11.265,6.792474,3.534,9.911,3402.137931,2467,3765,4.129914,4.126,4.133,2515,2572,0,0,0,0,0,0
2020-06-12T04:00:00Z,57,12.587667,12.099,13.182,12.435877,11.848,12.875,12.18414,11.934,12.588,1008.140351,1005,1012,1254.368421,1166,1380,11.366351,11.099,11.799,7.076778,2.955,8.813,3349.982456,2481,3572,4.130228,4.128,4.133,2573,2630,0,0,0,0,0,0
2020-06-12T05:00:00Z,56,12.928607,12.024,13.603,12.312179,11.307,12.861,12.482393,11.851,12.761,1006.017857,1002,1014,1323.589286,1129,1408,11.665018,11.062,11.964,6.9795,2.098,11.28,3142.696429,2118,3409,4.131107,4.128,4.134,2631,2687,0,0,0,0,0,0
2020-06-12T06:00:00Z,57,13.005544,12.378,13.611,12.218404,11.11,12.476,12.584649,12.009,12.829,1005.54386,1002,1011,1324.701754,1150,1413,11.770316,11.22,12.032,1.591333,0.27,3.775,3185.105263,2761,3252,4.130526,4.128,4.134,2688,2745,0,0,0,0,0,0
2020-06-12T07:00:00Z,58,12.746621,12.175,13.408,12.171707,11.848,12.403,12.37669,11.972,12.626,1008.534483,1005,1014,1260.689655,1161,1325,11.562586,11.189,11.851,1.183667,-0.255,3.933,3004.293103,2604,3096,4.131517,4.128,4.136,2746,2803,0,0,0,0,2,0
2020-06-12T08:00:00Z,57,12.978807,12.092,13.709,6.493386,0.735,12.38,12.546316,11.934,12.934,1005.54386,998,1015,1164.877193,1121,1262,11.243905,11.107,11.49,4.422625,-0.954,8.091,2830.350877,2168,2969,4.121526,4.104,4.134,2804,2861,0,0,0,0,2,0
2020-06-12T09:00:00Z,57,12.922842,12.581,13.506,0.735,0.735,0.735,12.622123,12.505,12.791,1002.666667,998,1006,1074.929825,1045,1127,,,,9.383857,0.646,12.829,2582.614035,1626,2944,4.094965,4.085,4.105,2862,2918,0,0,0,0,0,0
2020-06-12T10:00:00Z,58,12.731086,12.272,13.288,2.1255,0.735,4.337,12.470172,12.212,12.603,999.793103,989,1006,1031.965517,1006,1064,,,,9.661179,0.586,13.039,2103.344828,1594,3205,4.076897,4.067,4.088,2919,2976,0,0,0,0,0,0
2020-06-12T11:00:00Z,58,6.173576,-0.984,12.348,1.248552,0.735,3.823,12.161034,12.092,12.22,1005.741379,1002,1008,1009.12069,1002,1016,8.557,8.557,8.557,9.748293,-0.308,12.791,2136.068966,1729,2904,4.061224,4.054,4.07,2977,3034,4,0,0,0,1,0
2020-06-12T12:00:00Z,58,,,,0.735,0.735,0.735,12.119655,12.069,12.152,1005.068966,1002,1007,1008.362069,1002,1015,,,,8.714327,2.218,12.062,2387.362069,1867,3155,4.047776,4.041,4.056,3035,3092,0,0,0,0,0,0
2020-06-12T13:00:00Z,58,,,,0.735,0.735,0.735,12.101362,12.077,12.129,1005.051724,1002,1008,1008.724138,1005,1013,,,,7.67098,-0.526,11.392,2446.258621,1943,3108,4.037086,4.031,4.044,3093,3150,0,0,0,0,3,0
2020-06-12T14:00:00Z,58,,,,0.735,0.735,0.735,12.078103,12.069,12.092,1005.896552,1004,1007,1009.362069,1006,1012,,,,7.783278,4.685,11.167,2600.086207,1967,3070,4.028052,4.023,4.033,3151,3208,0,0,0,0,0,0
2020-06-12T15:00:00Z,21,,,,0.735,0.735,0.735,12.068143,12.062,12.084,1005.714286,1004,1007,1009.095238,1006,1010,,,,6.284692,0.639,8.595,2677,2253,3063,4.022952,4.02,4.027,3209,3229,0,0,0,0,0,0
