ts,n_samples,n_hours,solar_v_avg,solar_v_min,solar_v_max,solar2_v_avg,solar2_v_min,solar2_v_max,battery_v_avg,battery_v_min,battery_v_max,current_a_chA_avg,current_a_chA_min,current_a_chA_max,current_a_chB_avg,current_a_chB_min,current_a_chB_max,load_v_avg,load_v_min,load_v_max,dump_adc_avg,dump_adc_min,dump_adc_max,lipo_v_avg,lipo_v_min,lipo_v_max,boot_count_min,boot_count_max,solar_v_n_oor,solar2_v_n_oor,battery_v_n_oor,load_v_n_oor,lipo_v_n_oor
2020-05-30,1,1,34.034,34.034,34.034,,,,2.085,2.085,2.085,797,797,797,440,440,440,4.154,4.154,4.154,0,0,0,0.001,0.001,0.001,,,1,0,1,0,0
2020-06-05,858,19,2.674646,0,15.171,,,,9.670919,1.861,12.699,1392.938697,878,3010,1369.183775,0,2835,3.241712,2.214,6.6,1029.268352,0,3300,4.139097,0.001,6.6,1,866,0,0,72,0,0
2020-06-06,1371,24,6.264264,0,14.081,,,,11.684882,10.565,13.113,983.853561,871,1064,1046.703038,956,1468,3.002948,2.108,3.3,665.480481,559,715,4.076458,4.048,4.114,867,2252,0,0,0,0,0
2020-06-07,1383,24,6.227769,0,13.959,,,,11.775458,10.556,13.084,985.263281,890,1066,1066.36332,952,1473,2.934456,2.083,3.3,655.061616,553,713,4.047877,4.01,4.076,2253,3637,0,0,0,0,0
2020-06-08,690,12,12.471301,0,15.124,,,,12.913228,10.894,14.353,918.09218,784,1048,1113.897348,942,1405,3.103447,2.106,3.3,669.313624,565,708,4.001424,3.962,4.036,3638,4331,0,0,0,0,0
2020-06-09,591,11,7.21993,-0.736,12.957,,,,10.502371,0.757,12.295,1417.418108,943,4095,1367.160856,218,3967,7.020286,0.067,10.821,3428.469422,108,5075,0.614213,0,0.735,2356,4141,2,0,65,0,0
2020-06-10,1377,24,11.054613,-0.984,13.897,0.735,0.735,0.735,11.975316,11.423,13.047,1001.294667,992,1011,1060.043053,997,1429,11.129877,10.618,12.242,3694.434895,1747,4427,1.488214,0.735,3.977,631,4012,6,0,0,0,0
2020-06-11,1383,24,11.866122,-0.729,13.694,2.236086,0.735,12.879,12.075233,11.513,12.934,998.468662,977,1015,1061.474876,988,1323,11.179591,10.693,11.949,3723.868899,2549,4443,4.030982,3.959,4.142,954,2341,4,0,0,0,0
2020-06-12,881,16,12.194735,-0.984,13.709,6.610511,0.735,12.944,12.292174,11.723,12.934,1004.377136,985,1015,1130.333553,1002,1413,11.091022,8.557,12.032,2957.303867,1594,4012,4.091647,4.017,4.142,2342,3229,4,0,0,0,0
