ts,n_samples,n_hours,solar_v_avg,solar_v_min,solar_v_max,battery_v_avg,battery_v_min,battery_v_max,lipo_v_avg,lipo_v_min,lipo_v_max,boot_count_min,boot_count_max,solar_v_n_oor,battery_v_n_oor,lipo_v_n_oor
2020-05-21,578,22,2.822148,1.365,3.532,4.386927,4.164,4.704,3.49358,0.151,3.532,1,620,0,0,0
2020-05-22,688,24,2.801558,1.415,3.532,4.412793,4.22,4.668,3.532,3.532,3.532,621,1326,0,0,0
2020-05-23,707,24,2.812221,1.393,3.532,4.435749,4.248,4.662,3.532,3.532,3.532,1327,2034,0,0,0
2020-05-24,707,24,2.822278,1.405,3.532,4.379313,4.038,4.668,3.532,3.532,3.532,2035,2743,0,0,0
2020-05-25,684,24,2.86562,1.406,3.532,4.34411,4.104,4.474,3.532,3.532,3.532,2744,3448,0,0,0
2020-05-26,659,24,2.651898,1.355,3.532,4.218708,3.864,4.362,3.532,3.532,3.532,3449,4149,0,0,0
2020-05-27,683,24,2.823232,1.387,3.532,4.434393,3.974,4.698,3.532,3.532,3.532,4150,4855,0,0,0
2020-05-28,679,24,2.794254,1.992,3.532,4.319088,4.106,4.454,3.532,3.532,3.532,4856,5560,0,0,0
2020-05-29,645,24,2.660837,1.349,3.532,4.164454,3.886,4.272,3.532,3.532,3.532,5561,6260,0,0,0
2020-05-30,706,24,2.663834,1.36,3.532,4.17036,3.876,4.272,3.532,3.532,3.532,6261,6968,0,0,0
2020-05-31,702,24,2.566386,1.384,3.532,4.110845,3.904,4.258,3.532,3.532,3.532,6969,7675,0,0,0
2020-06-01,668,24,2.556619,1.36,3.532,4.112933,3.896,4.262,3.532,3.532,3.532,7676,8378,0,0,0
2020-06-02,650,24,2.58168,1.347,3.532,4.140059,3.906,4.276,3.532,3.532,3.532,8379,9079,0,0,0
2020-06-03,641,24,2.58427,1.327,3.532,4.196855,3.886,4.486,3.532,3.532,3.532,9080,9779,0,0,0
2020-06-04,654,24,2.842338,2.083,3.532,4.441135,4.288,4.494,3.532,3.532,3.532,1,10112,0,0,0
2020-06-05,668,24,2.781255,0,3.532,4.304914,0,4.58,3.532,3.532,3.532,368,1072,0,0,0
2020-06-06,691,24,2.831477,2.065,3.532,4.577202,4.46,5.148,3.532,3.532,3.532,1074,1780,0,7,0
2020-06-07,705,24,2.836471,2.065,3.532,4.582359,4.45,5.092,3.532,3.532,3.532,1781,2489,0,0,0
2020-06-08,703,24,2.758835,1.882,3.532,4.299831,3.876,5.036,3.532,3.532,3.532,2490,3197,0,0,0
2020-06-09,206,8,1.810551,1.654,1.92,3.706327,3.338,3.896,3.532,3.532,3.532,2,3313,0,0,0
2020-06-10,440,16,0.538135,0,1.189,1.175926,0,2.758,3.500208,2.006,3.532,1,445,0,0,0
2020-06-11,322,12,0.239447,0,1.085,0.530858,0,2.73,3.532,3.532,3.532,446,771,0,0,0
2020-06-12,2,2,0.601,0,1.202,1.431,0,2.862,0.5245,0,1.049,1,1,0,0,0
