ts,n_samples,n_hours,solar3_v_avg,solar3_v_min,solar3_v_max,battery2_v_avg,battery2_v_min,battery2_v_max,current_a_chA_avg,current_a_chA_min,current_a_chA_max,current_a_chB_avg,current_a_chB_min,current_a_chB_max,lipo2_v_avg,lipo2_v_min,lipo2_v_max,load_v_avg,load_v_min,load_v_max,boot_count_min,boot_count_max,solar3_v_n_oor,battery2_v_n_oor,current_a_chA_n_oor,lipo2_v_n_oor,load_v_n_oor
2020-06-18,1,1,0.133,0.133,0.133,0.744,0.744,0.744,1616,1616,1616,1618,1618,1618,0.258,0.258,0.258,0,0,0,1,1,0,1,1,0,0
2020-06-19,349,13,0.716565,0,0.844,12.570582,12.171,15.076,1137.661538,-78,1230,-184.087482,-456,381,0.3,0.3,0.3,0.297338,0,1,1,344,0,0,344,0,0
2020-06-20,700,24,0.453683,0,0.89,12.572303,12.152,13.15,1230,1230,1230,-165.571805,-473,224,0.3,0.3,0.3,0.209934,0,1,345,1053,0,0,700,0,0
2020-06-21,502,19,0.650713,0,0.801,12.476609,12.119,12.687,1230,1230,1230,-123.612933,-423,-24,0.3,0.3,0.3,0.015671,0,1,1054,1741,0,0,502,0,0
2020-06-22,90,4,0.019368,0,0.642,12.50351,12.062,12.725,1230,1230,1230,-105.873563,-398,24,0.3,0.3,0.3,0.170115,0,1,1742,1831,0,0,90,0,0
2020-06-23,596,21,0.004711,0,0.02,12.514388,12.199,12.857,-80.738374,-217,30,187.740946,-87,360,0.34798,0.3,0.358,0.039683,0,1,1,602,0,0,0,0,0
2020-06-24,712,24,5.321541,0,21.766,12.600257,12.185,13.165,-2.498268,-200,180,-64.270406,-500,435,6.612392,0.3,7.097,0.33228,0,1,1,669,0,0,0,0,0
2020-06-25,715,24,6.128998,0.425,22.492,12.487948,12.176,12.937,-5.617134,-192,225,-40.349678,-425,205,7.097,7.097,7.097,0.057841,0,1,670,1390,0,0,0,0,0
2020-06-26,712,24,6.526901,0,22.304,12.435054,12.119,12.895,-5.041942,-187,185,-79.119848,-400,163,7.097,7.097,7.097,0.207141,0,1,1391,2111,0,0,0,0,0
2020-06-27,716,24,6.553051,0,21.942,12.413265,12.053,13.169,0.274778,-180,386,-76.009321,-425,346,7.097,7.097,7.097,0.192289,0,1,2112,2832,0,0,0,0,0
2020-06-28,719,24,5.37814,0,23.264,12.374286,12.034,13.411,3.24545,-183,453,-27.563027,-409,304,7.097,7.097,7.097,0.138889,0,1,2833,3552,0,0,0,0,0
2020-06-29,719,24,4.325169,0,22.094,12.307416,12.076,14.778,3.944458,-170,1213,20.913935,-309,1184,7.097,7.097,7.097,0.049234,0,1,3553,4273,0,0,1,0,0
2020-06-30,713,24,5.175096,0.928,22.515,12.304584,12.091,13.666,10.232089,-149,614,10.467636,-409,337,7.097,7.097,7.097,0.082407,0,1,4274,4994,0,0,1,0,0
2020-07-01,708,24,6.046072,0.636,23.369,12.293779,12.043,14.839,16.911649,-163,1157,29.109234,-367,968,7.097,7.097,7.097,0.056325,0,1,4995,5715,0,0,1,0,0
2020-07-02,705,24,6.274551,0,22.07,12.344144,11.977,13.245,24.799843,-181,405,15.621454,-367,412,7.097,7.097,7.097,0.11823,0,1,5716,6434,0,0,0,0,0
2020-07-03,688,24,6.430637,0.928,21.579,12.282251,12.072,13.023,17.254136,-130,296,42.110344,-334,379,7.097,7.097,7.097,0.027536,0,1,6435,7155,0,0,0,0,0
2020-07-04,707,24,6.942678,0.273,22.339,12.325591,12.124,12.729,25.382626,-12,192,44.929366,-27,263,7.097,7.097,7.097,0,0,0,7156,7875,0,0,0,0,0
2020-07-05,717,24,5.535778,0,21.743,12.239131,11.991,12.824,13.464814,-159,266,29.221209,-301,304,7.097,7.097,7.097,0.008333,0,1,7876,8596,0,0,0,0,0
2020-07-06,719,24,6.167492,0,23.006,12.235146,12.072,12.909,19.743563,-82,283,42.483494,-301,362,7.097,7.097,7.097,0.011111,0,1,8597,9318,0,0,0,0,0
2020-07-07,714,24,6.986047,0,22.421,12.298606,11.92,13.411,28.256353,-183,487,0.312401,-384,487,7.097,7.097,7.097,0.141369,0,1,9319,10039,0,0,0,0,0
2020-07-08,717,24,5.968395,1.209,22.187,12.158439,12.039,12.71,6.69807,-14,187,27.522888,-27,196,7.097,7.097,7.097,0,0,0,10040,10760,0,0,0,0,0
2020-07-09,718,24,6.559824,0,22.878,12.288353,12.095,12.729,31.834098,-15,171,29.671649,-60,180,7.097,7.097,7.097,0,0,0,10761,11481,0,0,0,0,0
2020-07-10,709,24,6.576552,0,22.363,12.304594,11.982,13.448,29.165781,-166,422,9.503515,-409,321,7.097,7.097,7.097,0.045738,0,1,11482,12202,0,0,0,0,0
2020-07-11,714,24,6.820868,0,22.375,12.338978,11.996,13.373,32.378138,-174,376,1.540536,-433,379,7.097,7.097,7.097,0.06432,0,1,12203,12924,0,0,0,0,0
2020-07-12,719,24,6.43378,0,22.492,12.326597,12.015,12.919,25.207564,-145,248,1.237455,-367,230,7.097,7.097,7.097,0.044444,0,1,12925,13645,0,0,0,0,0
2020-07-13,718,24,5.892079,0.975,21.743,12.266633,12.029,13.855,15.601587,-179,701,3.430952,-425,653,7.097,7.097,7.097,0.061111,0,1,13646,14366,0,0,1,0,0
2020-07-14,711,24,6.397858,0,22.55,12.354328,12.058,12.824,31.535379,-140,204,17.537635,-359,221,7.097,7.097,7.097,0.01995,0,1,14367,15087,0,0,0,0,0
2020-07-15,374,20,7.802085,0.94,22.328,12.305388,12.024,12.952,20.682007,-176,256,-3.541667,-367,255,7.097,7.097,7.097,0.058333,0,1,15088,15739,0,0,0,0,0
2020-07-16,687,24,6.546299,0.402,21.907,12.282364,12.034,13.245,24.346703,-155,433,8.913071,-384,321,7.097,7.097,7.097,0.052509,0,1,15779,16489,0,0,0,0,0
2020-07-17,717,24,6.29415,0.074,22.456,12.286389,12.015,12.966,21.67848,-172,238,-3.112366,-433,255,7.097,7.097,7.097,0.042017,0,1,16490,17210,0,0,0,0,0
2020-07-18,718,24,6.729965,0.905,22.176,12.278344,12.058,13.306,19.188815,-152,392,-23.688405,-409,354,7.097,7.097,7.097,0.057328,0,1,17211,17931,0,0,0,0,0
2020-07-19,719,24,6.728251,0,21.579,12.338587,12.034,12.923,30.215421,-142,301,-17.842226,-392,246,7.097,7.097,7.097,0.017563,0,1,17932,18652,0,0,0,0,0
2020-07-20,721,24,6.146965,0.975,21.731,12.243256,12.095,12.805,11.640431,-97,198,-22.454119,-367,155,7.097,7.097,7.097,0.009722,0,1,18653,19374,0,0,0,0,0
2020-07-21,721,24,6.427337,1.057,22.07,12.199539,12.058,13.146,11.292849,-59,340,-3.482527,-309,246,7.097,7.097,7.097,0.006944,0,1,19375,20095,0,0,0,0,0
2020-07-22,718,24,7.061072,0,22.328,12.309173,11.987,12.909,30.734407,-177,293,-6.468748,-409,263,7.097,7.097,7.097,0.01978,0,1,20096,20816,0,0,0,0,0
2020-07-23,713,24,6.397278,0,22.269,12.321,11.987,12.966,28.593248,-174,283,-11.837088,-384,263,7.097,7.097,7.097,0.011207,0,1,20817,21537,0,0,0,0,0
2020-07-24,721,24,5.486941,0.975,21.462,12.255581,12.105,12.819,16.841667,-54,217,10.036514,-284,213,7.097,7.097,7.097,0.015278,0,1,21538,22258,0,0,0,0,0
2020-07-25,715,24,6.883863,0,22.176,12.345315,12.081,12.881,33.008914,-136,213,16.486157,-367,180,7.097,7.097,7.097,0.0069,0,1,22259,22979,0,0,0,0,0
2020-07-26,719,24,6.501836,0,22.878,12.33189,11.944,13.15,23.523081,-164,350,-28.516518,-400,362,7.097,7.097,7.097,0.093056,0,1,22980,23701,0,0,0,0,0
2020-07-27,718,24,6.781247,0,22.024,12.353724,11.991,13.023,24.650491,-178,310,-42.832927,-467,279,7.097,7.097,7.097,0.108429,0,1,23702,24422,0,0,0,0,0
2020-07-28,713,24,6.831953,0,21.93,12.306398,12.043,13.198,16.495505,-137,347,-49.73164,-433,238,7.097,7.097,7.097,0.082184,0,1,24423,25142,0,0,0,0,0
2020-07-29,717,24,6.652845,0,21.907,12.377226,12.001,13.183,29.686383,-187,391,-12.621529,-458,329,7.097,7.097,7.097,0.077838,0,1,1,25372,0,0,0,0,0
2020-07-30,721,24,6.392346,0,22.667,12.338934,11.958,13.567,20.852639,-177,395,-23.365933,-425,396,7.097,7.097,7.097,0.119732,0,1,492,1212,0,0,0,0,0
2020-07-31,714,24,6.028748,0,23.077,12.40177,11.982,13.959,38.131769,-176,807,6.47107,-400,744,7.097,7.097,7.097,0.143174,0,1,1213,1933,0,0,5,0,0
2020-08-01,720,24,5.822697,0,22.948,12.625748,12.02,15.36,62.826198,-188,1183,-12.466368,-392,1018,7.097,7.097,7.097,0.456813,0,1,1934,2654,0,0,23,0,0
2020-08-02,716,24,4.65685,0,21.439,12.417837,12.029,13.685,13.473356,-187,427,48.239943,-334,595,7.097,7.097,7.097,0.151485,0,1,2655,3374,0,0,0,0,0
2020-08-03,690,24,5.776264,0,22.41,12.372576,12.005,13.732,16.308313,-180,566,70.44443,-309,520,7.097,7.097,7.097,0.076772,0,1,3375,4092,0,0,1,0,0
2020-08-04,681,24,6.218327,0,22.726,12.399299,12.001,14.39,24.450901,-191,789,44.83036,-350,528,7.097,7.097,7.097,0.140298,0,1,4093,4807,0,0,4,0,0
2020-08-05,678,24,5.814278,0,21.637,12.363312,11.991,13.25,20.829616,-181,393,67.458168,-342,437,7.097,7.097,7.097,0.051074,0,1,4808,5522,0,0,0,0,0
2020-08-06,682,24,6.06603,0,22.667,12.332336,12.034,13.193,19.947471,-160,349,62.519778,-334,387,7.097,7.097,7.097,0.078783,0,1,5523,6239,0,0,0,0,0
2020-08-07,633,24,6.515959,0.133,23.252,12.313842,12.11,12.904,19.84214,-104,213,64.560821,-234,279,7.097,7.097,7.097,0.012678,0,1,6240,6949,0,0,0,0,0
2020-08-08,718,24,5.914653,0,22.339,12.300329,11.963,13.992,21.748667,-178,801,47.10943,-326,694,7.097,7.097,7.097,0.104615,0,1,6950,7670,0,0,1,0,0
2020-08-09,717,24,5.267845,0,23.088,12.213933,11.835,13.732,13.500935,-175,780,59.567468,-292,678,7.097,7.097,7.097,0.044409,0,1,7671,8391,0,0,1,0,0
2020-08-10,638,24,5.764915,0,14.629,12.260944,11.774,13.699,29.449532,-168,608,72.718378,-276,636,7.097,7.097,7.097,0.087808,0,1,8392,9102,0,0,1,0,0
2020-08-11,623,24,7.050152,0,23.86,12.286843,11.916,13.429,26.75821,-178,457,44.54254,-350,537,7.097,7.097,7.097,0.067552,0,1,9103,9812,0,0,0,0,0
2020-08-12,668,24,5.883289,1.092,15.916,12.221518,12.053,13.207,18.220287,-92,421,41.611376,-267,396,7.097,7.097,7.097,0.028271,0,1,9813,10526,0,0,0,0,0
2020-08-13,610,24,5.623664,1.385,16.712,12.120641,11.991,13.202,12.866218,-51,400,59.20168,-243,528,7.097,7.097,7.097,0.018317,0,1,10527,11235,0,0,0,0,0
2020-08-14,652,24,6.459882,0,22.456,12.196707,11.882,14.338,26.933386,-141,937,62.199933,-326,769,7.097,7.097,7.097,0.008333,0,1,11236,11947,0,0,2,0,0
2020-08-15,718,24,7.007992,1.174,21.907,12.176199,11.987,13.008,22.422137,-89,312,51.980914,-259,346,7.097,7.097,7.097,0.004167,0,1,11948,12668,0,0,0,0,0
2020-08-16,720,24,6.895141,0,22.012,12.218354,11.859,13.311,30.520194,-172,448,31.658511,-276,396,7.097,7.097,7.097,0.016667,0,1,12669,13389,0,0,0,0,0
2020-08-17,624,24,7.031444,0,22.854,12.216308,12.034,12.937,26.354653,-93,336,24.925254,-301,371,7.097,7.097,7.097,0.01059,0,1,13390,14099,0,0,0,0,0
2020-08-18,636,24,5.903844,0,22.222,12.203087,11.949,12.843,24.929789,-134,223,16.289601,-326,271,7.097,7.097,7.097,0.016968,0,1,14100,14810,0,0,0,0,0
2020-08-19,381,16,8.604209,0,21.661,12.240941,11.996,13.496,35.956173,-127,550,36.882378,-309,470,7.097,7.097,7.097,0.015435,0,1,14811,15272,0,0,1,0,0
2020-08-20,650,24,6.920786,0,23.018,12.144814,11.972,12.867,20.12477,-32,308,36.422391,-209,288,7.097,7.097,7.097,0.001984,0,1,15510,16207,0,0,0,0,0
2020-08-21,652,24,6.972342,0,22.924,12.23053,11.882,13.07,32.346151,-177,385,11.100379,-367,371,7.097,7.097,7.097,0.075518,0,1,16208,16920,0,0,0,0,0
2020-08-22,720,24,6.370347,0,22.187,12.210164,11.84,13.893,26.395551,-174,850,22.777016,-359,811,7.097,7.097,7.097,0.033065,0,1,16921,17641,0,0,3,0,0
2020-08-23,710,24,6.366423,0,22.152,12.209844,11.906,13.553,27.28955,-171,607,38.80118,-326,487,7.097,7.097,7.097,0.024038,0,1,17642,18362,0,0,1,0,0
2020-08-24,679,24,6.613142,0,22.761,12.200559,11.826,13.023,23.675944,-174,427,43.938893,-375,429,7.08756,0.3,7.097,0.028247,0,1,1,18708,0,0,0,0,0
2020-08-25,646,24,6.637273,0,22.702,12.239693,11.826,12.994,30.194076,-183,406,49.050042,-317,437,7.097,7.097,7.097,0.005069,0,1,371,1082,0,0,0,0,0
2020-08-26,690,24,6.784627,0,22.948,12.259629,11.892,13.122,30.170154,-190,347,33.846038,-350,354,7.097,7.097,7.097,0.041971,0,1,1083,1799,0,0,0,0,0
2020-08-27,647,24,6.709514,0,23.252,12.305869,11.916,13.699,35.649902,-194,606,26.095063,-342,670,7.097,7.097,7.097,0.135703,0,1,1800,2511,0,0,3,0,0
2020-08-28,667,24,6.690672,0,23.1,12.309557,11.901,13.486,29.981015,-169,513,10.824142,-326,553,7.097,7.097,7.097,0.144785,0,1,2512,3225,0,0,1,0,0
2020-08-29,721,24,6.643682,0,22.819,12.335018,11.882,13.344,31.382283,-197,392,-0.812455,-384,337,7.097,7.097,7.097,0.116129,0,1,3226,3946,0,0,0,0,0
2020-08-30,719,24,5.621603,0,22.012,12.31184,11.953,14.134,25.122714,-200,667,-2.168971,-375,404,7.097,7.097,7.097,0.121528,0,1,3947,4667,0,0,2,0,0
2020-08-31,690,24,5.783145,0.975,22.293,12.257949,11.892,13.07,15.604409,-197,231,-0.721971,-367,321,7.097,7.097,7.097,0.088709,0,1,4668,5383,0,0,0,0,0
2020-09-01,658,24,5.481971,0,22.117,12.246653,11.963,13.084,18.205314,-169,338,27.239743,-350,404,7.097,7.097,7.097,0.034196,0,1,5384,6096,0,0,0,0,0
2020-09-02,720,24,6.543283,0,21.684,12.352958,11.906,13.084,40.344238,-177,307,56.829814,-267,321,7.097,7.097,7.097,0.020833,0,1,6097,6817,0,0,0,0,0
2020-09-03,667,24,6.576371,0,21.602,12.292224,11.968,12.999,22.722716,-154,262,24.282493,-301,230,7.097,7.097,7.097,0.063175,0,1,6818,7531,0,0,0,0,0
2020-09-04,618,23,6.255945,0,22.199,12.354183,11.939,13.113,34.645323,-194,291,35.805001,-367,362,7.097,7.097,7.097,0.040742,0,1,7532,8212,0,0,0,0,0
2020-09-05,715,24,6.103607,0.893,21.333,12.316439,11.949,13.16,22.459321,-163,286,-0.731206,-359,230,7.097,7.097,7.097,0.086111,0,1,8249,8964,0,0,0,0,0
2020-09-06,720,24,6.445006,0,21.836,12.335117,12.024,13.273,26.031564,-144,340,-0.004459,-359,329,7.097,7.097,7.097,0.083333,0,1,8965,9685,0,0,0,0,0
2020-09-07,651,24,6.526734,0.811,22.164,12.339464,11.911,14.508,25.857307,-187,777,2.167946,-375,811,7.097,7.097,7.097,0.11096,0,1,9686,10398,0,0,3,0,0
2020-09-08,616,24,6.556545,0,21.567,12.305704,12.143,12.72,19.199238,-15,140,6.582514,-85,155,7.097,7.097,7.097,0,0,0,10399,11107,0,0,0,0,0
2020-09-09,683,24,5.501758,0,21.298,12.245851,11.944,13.657,13.603474,-194,571,15.957339,-326,537,7.097,7.097,7.097,0.008727,0,1,11108,11806,0,0,1,0,0
2020-09-10,534,22,6.771068,0,21.333,12.343485,11.996,12.933,37.160065,-168,232,40.675839,-350,288,7.097,7.097,7.097,0.020898,0,1,11842,12524,0,0,0,0,0
2020-09-11,676,24,6.510714,0,21.907,12.302725,11.897,13.15,22.85288,-202,307,2.628828,-417,313,7.097,7.097,7.097,0.048254,0,1,12525,13240,0,0,0,0,0
2020-09-12,717,24,6.48092,0,21.907,12.303554,11.963,12.833,22.949937,-156,201,-4.62601,-317,188,7.097,7.097,7.097,0.025941,0,1,13241,13961,0,0,0,0,0
2020-09-13,722,24,6.419879,1.022,21.485,12.234944,12.095,12.772,14.144914,-11,225,24.88181,-43,221,7.097,7.097,7.097,0,0,0,13962,14683,0,0,0,0,0
2020-09-14,658,24,5.933263,0.063,22.059,12.190685,12.029,12.71,14.999352,-10,191,54.163863,5,238,7.097,7.097,7.097,0,0,0,14684,15396,0,0,0,0,0
2020-09-15,603,24,6.125921,0,21.883,12.235744,11.953,13.079,28.755681,-142,372,52.723175,-292,412,7.097,7.097,7.097,0.005093,0,1,15397,16102,0,0,0,0,0
2020-09-16,631,24,6.407137,0,22.749,12.297049,11.878,13.486,40.79095,-186,560,64.287315,-309,670,7.097,7.097,7.097,0.018399,0,1,16103,16812,0,0,1,0,0
2020-09-17,656,24,6.056576,0,22.024,12.431745,11.944,13.34,53.675021,-192,412,58.506874,-326,503,7.097,7.097,7.097,0.093111,0,1,16813,17526,0,0,0,0,0
2020-09-18,635,24,5.483445,0,22.527,12.525808,11.987,14.281,57.658156,-196,814,33.743429,-309,1018,7.097,7.097,7.097,0.418825,0,1,2,17676,0,0,9,0,0
2020-09-19,722,24,4.735831,0,21.825,12.277324,12.043,13.046,8.290283,-137,260,73.171013,-276,337,7.097,7.097,7.097,0.051389,0,1,559,1280,0,0,0,0,0
2020-09-20,718,24,5.78252,0,21.708,12.283859,11.987,13.188,16.743186,-161,331,63.655316,-284,346,7.097,7.097,7.097,0.015278,0,1,1281,2002,0,0,0,0,0
2020-09-21,682,24,6.473991,0,21.766,12.282816,12.124,12.739,21.079764,-12,207,49.916386,-10,238,7.097,7.097,7.097,0,0,0,2003,2719,0,0,0,0,0
2020-09-22,718,24,6.037788,0,21.31,12.299048,11.878,13.089,26.23962,-167,387,36.741935,-375,354,7.097,7.097,7.097,0.012455,0,1,2720,3440,0,0,0,0,0
2020-09-23,669,24,5.819789,0,21.754,12.273575,12.062,13.259,19.874632,-144,356,32.478048,-359,412,7.097,7.097,7.097,0.05116,0,1,3441,4154,0,0,0,0,0
2020-09-24,554,24,6.169472,0.893,21.158,12.246451,11.949,12.923,21.34748,-165,269,44.280999,-342,279,7.097,7.097,7.097,0.024113,0,1,4155,4857,0,0,0,0,0
2020-09-25,679,24,6.61188,0,21.766,12.260391,11.864,14.106,26.377857,-195,696,56.001812,-384,694,7.097,7.097,7.097,0.026389,0,1,4858,5573,0,0,2,0,0
2020-09-26,721,24,5.556042,0,21.614,12.171843,12.015,13.472,14.004301,-131,442,62.324014,-251,470,7.097,7.097,7.097,0.005556,0,1,5574,6294,0,0,0,0,0
2020-09-27,710,24,5.71393,0,21.579,12.17841,11.987,13.548,22.043015,-121,508,75.417457,-193,503,7.097,7.097,7.097,0.005556,0,1,6295,7016,0,0,1,0,0
2020-09-28,468,22,5.910189,0,15.074,12.22848,12.01,13.117,29.771212,-108,359,69.289466,-234,470,7.097,7.097,7.097,0.080087,0,1,7017,7662,0,0,0,0,0
2020-10-01,1,1,0.123,0.123,0.123,0.456,0.456,0.456,789,789,789,,,,,,,,,,,,0,1,1,0,0
2020-10-27,61,3,2.12775,2.11,2.145,12.058693,12.048,12.067,15.270503,14,18,48.425265,30,97,7.002597,0.3,7.097,0,0,0,1,297,0,0,0,0,0
2020-10-28,312,13,2.12504,2.11,2.157,12.059732,12.043,12.067,15.259254,14,19,47.910228,14,97,7.097,7.097,7.097,0,0,0,298,803,0,0,0,0,0
2020-10-29,344,12,2.120977,2.11,2.145,12.061864,12.053,12.072,14.966733,14,17,43.610317,14,72,7.065532,0.3,7.097,0,0,0,1,347,0,0,0,0,0
2020-10-30,176,9,1.609279,0,2.566,12.26008,11.849,12.956,-13.161669,-215,20,15.246571,-359,122,6.308942,0.3,7.097,0.333333,0,1,1,519,0,0,0,0,0
2020-10-31,623,22,0.319286,0,13.178,12.886204,12.133,13.543,-34.204578,-307,69,23.501527,-500,122,7.019761,0.3,7.097,0.472806,0,1,1,631,0,0,0,0,0
2020-11-01,714,24,5.234989,0.028,14.5,12.612351,12.095,12.885,-23.235489,-279,49,27.637644,-375,147,7.097,7.097,7.097,0.812165,0,1,632,1348,0,0,0,0,0
2020-11-02,710,24,5.459423,0.203,13.892,12.593195,12.351,12.881,-2.673888,-69,45,53.729194,-10,105,7.097,7.097,7.097,1,1,1,1349,2065,0,0,0,0,0
2020-11-03,712,24,5.799074,0.414,13.951,12.483967,12.275,12.701,-5.475186,-69,44,46.861268,-10,97,7.097,7.097,7.097,1,1,1,2066,2782,0,0,0,0,0
2020-11-04,713,24,5.481004,0.601,14.079,12.402714,12.185,12.677,-4.340433,-68,57,61.196151,5,130,7.097,7.097,7.097,0.95977,0,1,2783,3500,0,0,0,0,0
2020-11-05,712,24,5.858885,0.671,14.114,12.361159,12.147,12.62,1.811883,-63,41,69.225058,-18,113,7.097,7.097,7.097,0,0,0,3501,4217,0,0,0,0,0
2020-11-06,707,24,5.705943,0.811,14.208,12.31151,12.091,12.573,2.847156,-60,48,83.639891,14,138,7.097,7.097,7.097,0,0,0,4218,4933,0,0,0,0,0
2020-11-07,709,24,6.12331,0.975,14.278,12.220725,12.01,12.427,1.652897,-61,46,78.885551,14,138,7.097,7.097,7.097,0,0,0,4934,5650,0,0,0,0,0
2020-11-08,715,24,6.639883,1.127,14.337,12.156741,11.953,12.36,1.965496,-59,43,87.470543,30,147,7.097,7.097,7.097,0,0,0,5651,6368,0,0,0,0,0
2020-11-09,703,24,6.301315,1.268,14.407,12.12744,11.887,12.441,4.357659,-65,52,87.16042,-2,138,7.097,7.097,7.097,0,0,0,6369,7084,0,0,0,0,0
2020-11-10,709,24,6.94701,1.443,14.477,12.067296,11.821,12.351,5.308558,-58,45,97.160829,30,138,7.097,7.097,7.097,0,0,0,7085,7801,0,0,0,0,0
2020-11-11,634,22,7.233722,1.584,14.43,11.995588,11.901,12.285,4.673137,-49,56,80.512524,22,130,7.097,7.097,7.097,0,0,0,7802,8440,0,0,0,0,0
2020-11-20,233,8,0.782097,0,13.19,12.732463,12.592,12.814,-10.861527,-69,0,37.722182,-27,55,7.064322,0.3,7.097,1,1,1,1,235,0,0,0,0,0
2020-11-21,707,24,4.68624,0,13.693,12.731584,12.545,12.923,-4.024156,-73,44,42.131041,-77,97,7.097,7.097,7.097,1,1,1,236,951,0,0,0,0,0
2020-11-22,711,24,5.293725,0,13.763,12.674695,12.479,12.904,-3.459133,-68,51,35.837164,-18,130,7.097,7.097,7.097,1,1,1,952,1668,0,0,0,0,0
2020-11-23,708,24,4.880804,0.109,13.822,12.612612,12.417,12.857,-4.069853,-66,55,26.810741,-27,88,7.097,7.097,7.097,1,1,1,1669,2385,0,0,0,0,0
2020-11-24,709,24,5.31263,0.273,13.904,12.573951,12.365,12.852,1.299734,-65,57,65.258539,-10,130,7.097,7.097,7.097,1,1,1,2386,3102,0,0,0,0,0
2020-11-25,712,24,5.694636,0.343,14.126,12.510922,12.313,12.706,-2.229358,-66,43,36.817347,-18,80,7.097,7.097,7.097,1,1,1,3103,3819,0,0,0,0,0
2020-11-26,715,24,5.69162,0.46,13.939,12.479248,12.27,12.739,0.522773,-67,58,45.676245,-18,113,7.097,7.097,7.097,1,1,1,3820,4536,0,0,0,0,0
2020-11-27,709,24,6.041447,0.613,14.091,12.393353,12.209,12.502,-2.344944,-67,23,64.672465,-10,113,7.097,7.097,7.097,1,1,1,4537,5253,0,0,0,0,0
2020-11-28,712,24,6.013538,0.694,14.126,12.356365,12.162,12.545,-1.08983,-66,43,47.318682,-18,105,7.097,7.097,7.097,0.981944,0,1,5254,5970,0,0,0,0,0
2020-11-29,710,24,5.912691,0.718,14.161,12.349285,12.143,12.573,7.378899,-58,57,92.623368,22,155,7.097,7.097,7.097,0,0,0,5971,6687,0,0,0,0,0
2020-11-30,712,24,6.102197,0.811,14.208,12.307772,12.114,12.46,7.007096,-56,50,98.368856,22,138,7.097,7.097,7.097,0,0,0,6688,7404,0,0,0,0,0
2020-12-01,709,24,5.998175,0.8,14.255,12.312339,12.091,12.573,10.9617,-61,68,95.031393,14,163,7.097,7.097,7.097,0,0,0,7405,8121,0,0,0,0,0
2020-12-02,711,24,6.382097,0.952,14.266,12.220377,12.043,12.36,3.38097,-58,41,74.894466,14,147,7.097,7.097,7.097,0,0,0,8122,8838,0,0,0,0,0
2020-12-03,711,24,6.057145,1.069,14.29,12.172226,11.996,12.275,2.734023,-56,32,76.785601,22,130,7.097,7.097,7.097,0,0,0,8839,9555,0,0,0,0,0
2020-12-04,708,24,6.277437,1.186,14.372,12.129077,11.958,12.233,3.649184,-59,29,93.499227,30,138,7.097,7.097,7.097,0,0,0,9556,10271,0,0,0,0,0
2020-12-05,707,24,6.588599,1.291,14.395,12.086764,11.906,12.228,3.847872,-57,38,85.793159,30,130,7.097,7.097,7.097,0,0,0,10272,10987,0,0,0,0,0
2020-12-06,705,24,7.131109,1.455,14.489,12.040398,11.868,12.218,4.203486,-56,55,88.367197,14,155,7.097,7.097,7.097,0,0,0,10988,11703,0,0,0,0,0
2020-12-07,711,24,7.025864,1.432,14.477,12.048679,11.83,12.275,8.759951,-58,56,77.402162,14,113,7.097,7.097,7.097,0,0,0,11704,12420,0,0,0,0,0
2020-12-08,707,24,7.08661,1.56,14.559,11.998702,11.797,12.214,7.609007,-57,54,90.80234,30,138,7.097,7.097,7.097,0,0,0,12421,13136,0,0,0,0,0
2020-12-09,712,24,7.337359,1.607,14.629,11.972287,11.764,12.19,7.752289,-56,51,75.042724,22,122,7.097,7.097,7.097,0,0,0,13137,13853,0,0,0,0,0
2020-12-10,615,21,6.419382,1.747,14.653,11.889787,11.717,12.128,3.58612,-59,67,84.956966,5,147,7.097,7.097,7.097,0,0,0,13854,14554,0,0,0,0,0
2020-12-11,702,24,7.42001,1.864,14.688,11.871104,11.679,12.119,6.222695,-56,61,84.552436,14,147,7.097,7.097,7.097,0,0,0,14555,15270,0,0,0,0,0
2020-12-12,710,24,7.434344,1.935,14.746,11.828202,11.627,12.072,6.099806,-57,62,81.717691,5,155,7.097,7.097,7.097,0,0,0,15271,15987,0,0,0,0,0
2020-12-13,711,24,7.761065,2.052,14.793,11.762473,11.565,12.043,3.894858,-59,69,86.973486,5,163,7.097,7.097,7.097,0,0,0,15988,16704,0,0,0,0,0
2020-12-14,342,12,12.547466,2.18,14.863,11.756033,11.542,11.949,6.140161,-62,50,55.199278,-35,97,7.097,7.097,7.097,0,0,0,16705,17056,0,0,0,0,0
2020-12-15,450,16,4.757678,2.262,14.559,11.638501,11.466,11.741,-3.068519,-62,5,87.013265,5,155,7.097,7.097,7.097,0,0,0,539,994,0,0,0,0,0
2020-12-16,559,20,6.815148,2.438,14.922,11.576428,11.39,11.745,-0.464658,-60,27,75.833496,5,122,7.097,7.097,7.097,0,0,0,995,1684,0,0,0,0,0
2020-12-17,711,24,8.18664,2.578,15.062,11.533093,11.319,11.75,0.618757,-65,43,58.879259,-43,122,7.097,7.097,7.097,0,0,0,1685,2401,0,0,0,0,0
2020-12-18,709,24,7.380362,0,15.167,11.756285,11.286,12.72,2.759592,-65,37,84.11914,-43,205,7.08756,0.3,7.097,0,0,0,1,2948,0,0,0,0,0
2020-12-19,709,24,4.818932,0.098,13.822,12.647155,12.412,12.933,0.49361,-68,40,84.173638,14,188,7.097,7.097,7.097,0.867816,0,1,171,886,0,0,0,0,0
2020-12-20,710,24,5.655764,0.285,13.915,12.549223,12.313,12.791,0.569743,-68,42,93.562335,5,171,7.097,7.097,7.097,1,1,1,887,1603,0,0,0,0,0
2020-12-21,706,24,5.552702,0.496,14.009,12.433198,12.218,12.568,-3.219696,-68,24,80.42589,-10,147,7.097,7.097,7.097,1,1,1,1604,2320,0,0,0,0,0
2020-12-22,708,24,5.732949,0.683,14.126,12.382923,12.143,12.649,1.522312,-68,48,88.502066,5,138,7.097,7.097,7.097,0.977778,0,1,2321,3036,0,0,0,0,0
2020-12-23,707,24,4.982492,0.765,14.103,12.346626,12.11,12.654,7.184012,-62,62,106.150759,-2,171,7.097,7.097,7.097,0,0,0,3037,3753,0,0,0,0,0
2020-12-24,697,24,6.181037,0.893,14.231,12.261757,12.048,12.483,3.365805,-61,67,83.764674,-2,155,7.097,7.097,7.097,0,0,0,3754,4469,0,0,0,0,0
2020-12-25,697,24,6.238298,1.045,14.266,12.197447,11.977,12.422,4.230532,-62,66,94.691776,-2,155,7.097,7.097,7.097,0,0,0,4470,5183,0,0,0,0,0
2020-12-26,702,24,6.294876,1.209,14.395,12.116221,11.911,12.261,1.519873,-62,32,63.452917,-18,130,7.097,7.097,7.097,0,0,0,5184,5898,0,0,0,0,0
2020-12-27,683,24,6.665972,1.432,14.454,12.042998,11.83,12.256,0.885154,-62,51,58.913714,-10,122,7.097,7.097,7.097,0,0,0,5899,6610,0,0,0,0,0
2020-12-28,706,24,7.24291,1.572,14.571,11.980564,11.769,12.176,0.920148,-61,43,50.399104,-18,105,7.097,7.097,7.097,0,0,0,6611,7324,0,0,0,0,0
2020-12-29,695,24,7.347762,1.747,14.559,11.91695,11.693,12.143,4.265421,-58,56,81.898277,-10,155,7.097,7.097,7.097,0,0,0,7326,8038,0,0,0,0,0
2020-12-30,709,24,7.260179,1.876,14.723,11.865295,11.641,12.11,5.348938,-59,53,70.130887,22,113,7.097,7.097,7.097,0,0,0,8039,8753,0,0,0,0,0
2020-12-31,706,24,7.676172,1.97,14.676,11.808826,11.57,12.067,6.673754,-62,55,80.560902,-18,138,7.097,7.097,7.097,0,0,0,8754,9467,0,0,0,0,0
