ts,n_samples,adc_raw_avg,adc_raw_min,adc_raw_max,voltage_adc_avg,voltage_adc_min,voltage_adc_max,millis_ms_min,millis_ms_max
2020-07-04T21:00:00Z,26,2302.692308,2299,2307,2003.769231,1980,2008,2204,3072807
2020-07-04T22:00:00Z,30,2303.4,2301,2307,2004.7,2002,2008,3197446,6758731
2020-07-04T23:00:00Z,27,2324.555556,2307,2340,2022.185185,2008,2036,6881303,10341998
2020-07-05T00:00:00Z,29,2359.482759,2342,2373,2049.448276,2037,2061,10465473,13906002
2020-07-05T01:00:00Z,30,2400.6,2367,2442,2083.033333,2057,2116,14028470,17587534
2020-07-05T02:00:00Z,29,2647.931034,2370,2875,2280.896552,2060,2462,17710061,21153585
2020-07-05T03:00:00Z,28,2777.357143,2608,2897,2384.892857,2249,2477,21394633,24818382
2020-07-05T04:00:00Z,30,2544.5,2518,2667,2198.666667,2178,2298,24939532,28489934
2020-07-05T05:00:00Z,28,2678.607143,2514,2895,2305.178571,2176,2472,28612602,32050122
2020-07-05T06:00:00Z,30,2713.2,2541,2878,2334.233333,2196,2468,32173646,35759007
2020-07-05T07:00:00Z,29,2523.655172,2512,2539,2182.034483,2177,2192,35881399,39327061
2020-07-05T08:00:00Z,30,2525.933333,2511,2541,2183.8,2168,2192,39449868,43008920
2020-07-05T09:00:00Z,30,2505.566667,2498,2512,2166.4,2163,2169,43131863,46692001
2020-07-05T10:00:00Z,29,2495.310345,2490,2501,2159.172414,2154,2165,46814375,50260807
2020-07-05T11:00:00Z,30,2484.466667,2479,2491,2151.5,2144,2155,50383180,53952647
2020-07-05T12:00:00Z,29,2472.172414,2459,2482,2139.931034,2132,2148,54075206,57520185
2020-07-05T13:00:00Z,30,2447.966667,2434,2461,2120.8,2113,2132,57642995,61209388
2020-07-05T14:00:00Z,29,2424.206897,2416,2435,2101.931034,2094,2112,61332028,64770212
2020-07-05T15:00:00Z,30,2405.433333,2386,2416,2087.233333,2081,2094,64893105,68454306
2020-07-05T16:00:00Z,29,2388.482759,2379,2399,2073.172414,2066,2081,68578431,72012323
2020-07-05T17:00:00Z,29,2373.586207,2366,2382,2061.62069,2055,2066,72257539,75722639
2020-07-05T18:00:00Z,30,2361.6,2352,2369,2051.733333,2048,2057,75844202,79413532
2020-07-05T19:00:00Z,29,2352.655172,2349,2357,2043.310345,2037,2047,79536056,82970744
2020-07-05T20:00:00Z,30,2345.6,2339,2352,2038,2035,2041,83092497,86648018
2020-07-05T21:00:00Z,29,2337.37931,2327,2345,2032.862069,2028,2037,86770499,90219250
2020-07-05T22:00:00Z,30,2329.733333,2324,2335,2026.666667,2020,2031,90341753,93910867
2020-07-05T23:00:00Z,29,2352.413793,2327,2382,2043.862069,2027,2068,94033364,97481745
2020-07-06T00:00:00Z,30,2425.766667,2384,2496,2103.966667,2072,2159,97604694,101164361
2020-07-06T01:00:00Z,30,2529.066667,2509,2559,2186.933333,2167,2228,101286759,104852549
2020-07-06T02:00:00Z,29,2545.137931,2505,2592,2199.896552,2168,2236,104977308,108418315
2020-07-06T03:00:00Z,30,2566.2,2506,2869,2215.8,2167,2461,108540101,112105853
2020-07-06T04:00:00Z,29,2505.310345,2499,2517,2166.965517,2163,2175,112229404,115669537
2020-07-06T05:00:00Z,30,2674.8,2515,2879,2302.433333,2177,2465,115828847,119352476
2020-07-06T06:00:00Z,29,2858.758621,2601,2894,2449.068966,2242,2475,119474889,122918244
2020-07-06T07:00:00Z,29,2835.206897,2587,2882,2432.827586,2233,2473,123040787,126605681
2020-07-06T08:00:00Z,29,2742.931034,2607,2880,2357.172414,2248,2465,126728242,130173422
2020-07-06T09:00:00Z,30,2570.333333,2544,2607,2219.6,2200,2244,130296105,133871930
2020-07-06T10:00:00Z,29,2521,2510,2544,2180.551724,2171,2196,133994557,137434619
2020-07-06T11:00:00Z,30,2507.366667,2503,2511,2168.033333,2167,2171,137557215,141130870
2020-07-06T12:00:00Z,28,2499.857143,2495,2507,2163.535714,2159,2167,141252749,144704358
2020-07-06T13:00:00Z,30,2493.833333,2487,2499,2157.566667,2154,2163,144826993,148391034
2020-07-06T14:00:00Z,29,2484.758621,2480,2494,2151.758621,2145,2156,148516032,151969818
2020-07-06T15:00:00Z,30,2476.733333,2467,2483,2143.1,2139,2150,152093394,155660897
2020-07-06T16:00:00Z,29,2458.689655,2449,2472,2130.310345,2119,2139,155783771,159222849
2020-07-06T17:00:00Z,30,2437.766667,2429,2449,2112.2,2103,2126,159345170,162911066
2020-07-06T18:00:00Z,29,2415.931034,2406,2425,2095.517241,2089,2103,163033444,166471286
2020-07-06T19:00:00Z,30,2398.466667,2389,2410,2082.166667,2076,2090,166594725,170166449
2020-07-06T20:00:00Z,29,2384,2374,2390,2069.448276,2064,2078,170289217,173738441
2020-07-06T21:00:00Z,29,2369.37931,2358,2378,2058.965517,2053,2064,173860805,177428287
2020-07-06T22:00:00Z,29,2358.137931,2352,2364,2049.37931,2044,2053,177551098,180996727
2020-07-06T23:00:00Z,30,2371.366667,2355,2387,2059.433333,2048,2075,181119130,184694440
2020-07-07T00:00:00Z,29,2411.275862,2386,2448,2091.448276,2069,2121,184817824,188250746
2020-07-07T01:00:00Z,29,2555.172414,2451,2881,2207.37931,2126,2470,188373246,191935444
2020-07-07T02:00:00Z,29,2831.655172,2623,2903,2427.241379,2262,2477,192057616,195510005
2020-07-07T03:00:00Z,29,2861.517241,2629,2904,2452.931034,2269,2480,195638468,199190487
2020-07-07T04:00:00Z,28,2878.321429,2867,2907,2466.071429,2461,2477,199315202,202756612
2020-07-07T05:00:00Z,30,2879.933333,2873,2896,2466.8,2461,2476,202879247,206439158
2020-07-07T06:00:00Z,29,2876.517241,2814,2886,2463.482759,2410,2475,206561627,210007798
2020-07-07T07:00:00Z,30,2861.166667,2624,2902,2449.366667,2262,2469,210129778,213699406
2020-07-07T08:00:00Z,29,2710,2608,2879,2330.586207,2248,2464,213821943,217258366
2020-07-07T09:00:00Z,30,2600.733333,2539,2869,2244.166667,2193,2462,217383114,220949501
2020-07-07T10:00:00Z,28,2523.928571,2514,2535,2184.071429,2177,2192,221074297,224507666
2020-07-07T11:00:00Z,30,2511.766667,2509,2515,2172.266667,2167,2177,224630175,228200599
2020-07-07T12:00:00Z,29,2507.103448,2499,2512,2167.827586,2167,2171,228323207,231763118
2020-07-07T13:00:00Z,30,2500.733333,2496,2507,2165.666667,2163,2167,231887921,235452939
2020-07-07T14:00:00Z,30,2496.866667,2493,2502,2162.3,2158,2166,235573815,239141209
2020-07-07T15:00:00Z,29,2490.103448,2482,2495,2156.241379,2153,2160,239263774,242709148
2020-07-07T16:00:00Z,30,2482.966667,2480,2487,2151.266667,2148,2154,242830618,246383494
2020-07-07T17:00:00Z,30,2311.4,2231,2481,2013.566667,1948,2150,246505004,250076258
2020-07-07T18:00:00Z,29,2298.344828,2227,2309,2004.448276,1949,2014,250198711,253627095
2020-07-07T19:00:00Z,30,2306.3,2302,2310,2011.566667,2010,2012,253749715,257321349
2020-07-07T20:00:00Z,29,2306.241379,2303,2311,2011.827586,2011,2012,257443987,260884569
2020-07-07T21:00:00Z,30,2304.9,2299,2309,2010.733333,2008,2012,261007984,264564281
2020-07-07T22:00:00Z,30,2304.4,2302,2309,2010.1,1999,2012,264687060,268254103
2020-07-07T23:00:00Z,29,2328.068966,2308,2353,2027.655172,2010,2050,268376682,271819439
2020-07-08T00:00:00Z,30,2386.866667,2365,2411,2074.933333,2053,2091,271943656,275507743
2020-07-08T01:00:00Z,28,2371.392857,2258,2448,2063.035714,1974,2124,275629388,279075285
2020-07-08T02:00:00Z,30,2355.833333,2240,2461,2051.566667,1959,2140,279197867,282767353
2020-07-08T03:00:00Z,29,2441.517241,2242,2583,2118.310345,1961,2229,282890001,286323217
2020-07-08T04:00:00Z,29,2305.241379,2231,2587,2008.586207,1948,2232,286445726,290009314
2020-07-08T05:00:00Z,29,2348.068966,2311,2448,2044.137931,2015,2121,290134076,293574187
2020-07-08T06:00:00Z,30,2350.3,2325,2386,2046.9,2028,2076,293698343,297263620
2020-07-08T07:00:00Z,29,2326.758621,2320,2337,2029.827586,2026,2036,297387913,300832636
2020-07-08T08:00:00Z,30,2385.533333,2335,2417,2074.666667,2036,2100,300955026,304525383
2020-07-08T09:00:00Z,29,2419.172414,2416,2426,2101.482759,2098,2105,304647858,308089932
2020-07-08T10:00:00Z,29,2393.551724,2370,2416,2081,2064,2101,308220275,311793760
2020-07-08T11:00:00Z,29,2306.517241,2224,2371,2012.448276,1948,2064,311916371,315376113
2020-07-08T12:00:00Z,30,2293.466667,2289,2303,2002.133333,2000,2005,315497931,319068567
2020-07-08T13:00:00Z,29,2291.689655,2288,2300,2001.413793,2000,2004,319191253,322643617
2020-07-08T14:00:00Z,30,2292.166667,2288,2299,2000.766667,2000,2003,322764320,326351039
2020-07-08T15:00:00Z,29,2290.896552,2288,2298,2000.172414,1998,2001,326474263,329918109
2020-07-08T16:00:00Z,30,2290.733333,2286,2298,1999.6,1997,2001,330040537,333607337
2020-07-08T17:00:00Z,29,2290.482759,2285,2297,1998.689655,1989,2000,333732484,337180219
2020-07-08T18:00:00Z,30,2287.8,2284,2294,1998.633333,1996,2000,337302730,340866331
2020-07-08T19:00:00Z,30,2286.966667,2283,2291,1998.1,1994,2000,340988827,344555041
2020-07-08T20:00:00Z,29,2286.827586,2284,2291,1997.62069,1994,2000,344677488,348115257
2020-07-08T21:00:00Z,30,2286.433333,2283,2293,1996.7,1995,1999,348237761,351813923
2020-07-08T22:00:00Z,29,2286.586207,2283,2291,1996.689655,1994,1998,351936279,355369552
2020-07-08T23:00:00Z,30,2310,2288,2329,2016.066667,1999,2034,355496386,359056527
2020-07-09T00:00:00Z,30,2365.366667,2335,2395,2059.333333,2037,2085,359180094,362745878
2020-07-09T01:00:00Z,29,2397.137931,2275,2452,2083.862069,1987,2129,362869936,366307057
2020-07-09T02:00:00Z,30,2431.1,2291,2503,2110.7,2003,2167,366429501,369996216
2020-07-09T03:00:00Z,29,2526.310345,2355,2615,2184.931034,2052,2253,370118706,373553668
2020-07-09T04:00:00Z,30,2504.433333,2358,2619,2169.866667,2053,2257,373687048,377256203
2020-07-09T05:00:00Z,29,2361.310345,2254,2510,2055.793103,1975,2170,377380514,380827390
2020-07-09T06:00:00Z,30,2621.433333,2438,2921,2253.2,2118,2462,380952046,384518296
2020-07-09T07:00:00Z,29,2852.241379,2653,2940,2415.241379,2277,2470,384641019,388081102
2020-07-09T08:00:00Z,29,2636,2611,2673,2267,2249,2295,388203929,391647904
2020-07-09T09:00:00Z,30,2571.833333,2541,2622,2218.333333,2192,2257,391770402,395329513
2020-07-09T10:00:00Z,28,2531.464286,2522,2538,2189.107143,2181,2192,395452007,399012068
2020-07-09T11:00:00Z,29,2516.931034,2511,2525,2177.896552,2172,2183,399134744,402575319
2020-07-09T12:00:00Z,30,2509.866667,2503,2514,2169.966667,2163,2175,402699478,406276891
2020-07-09T13:00:00Z,30,2420.366667,2338,2510,2101.5,2038,2168,406399697,409967721
2020-07-09T14:00:00Z,29,2343.965517,2339,2352,2041.827586,2039,2044,410090316,413547154
2020-07-09T15:00:00Z,30,2341.933333,2336,2350,2039.8,2038,2042,413669410,417232119
2020-07-09T16:00:00Z,29,2339.482759,2333,2349,2038.172414,2037,2040,417355240,420795877
2020-07-09T17:00:00Z,30,2335.8,2330,2342,2037.166667,2034,2038,420918374,424484083
2020-07-09T18:00:00Z,24,2332.583333,2326,2340,2035.708333,2033,2038,424606860,428058872
2020-07-09T19:00:00Z,30,2329.566667,2323,2338,2033.233333,2029,2037,428181462,431736873
2020-07-09T20:00:00Z,29,2326.034483,2320,2335,2030.724138,2027,2033,431859442,435306312
2020-07-09T21:00:00Z,29,2324.034483,2320,2331,2028.586207,2027,2030,435429672,438997754
2020-07-09T22:00:00Z,29,2322.034483,2320,2331,2026.896552,2025,2029,439121254,442562578
2020-07-09T23:00:00Z,30,2336,2320,2355,2035.366667,2026,2047,442685102,446246660
2020-07-10T00:00:00Z,29,2371.448276,2352,2386,2062.931034,2047,2076,446369356,449802513
2020-07-10T01:00:00Z,30,2397.866667,2352,2448,2084.933333,2047,2118,449925322,453488711
2020-07-10T02:00:00Z,29,2402.689655,2343,2449,2088.448276,2038,2124,453610621,457061220
2020-07-10T03:00:00Z,30,2487.1,2352,2645,2153.066667,2051,2269,457184476,460781787
2020-07-10T04:00:00Z,29,2833.896552,2529,2943,2398.827586,2187,2473,460904238,464342129
2020-07-10T05:00:00Z,29,2929.241379,2699,2989,2459.275862,2308,2493,464466764,467919395
2020-07-10T06:00:00Z,30,2941.733333,2873,2979,2470.1,2458,2489,468042935,471618584
2020-07-10T07:00:00Z,29,2816.862069,2663,2970,2386.724138,2295,2473,471742534,475189335
2020-07-10T08:00:00Z,30,2661.066667,2638,2689,2285.466667,2275,2302,475312658,478887986
2020-07-10T09:00:00Z,29,2635.482759,2604,2659,2263.241379,2244,2277,479011321,482447777
2020-07-10T10:00:00Z,30,2593.833333,2559,2609,2232.566667,2204,2244,482570628,486134743
2020-07-10T11:00:00Z,28,2561.321429,2559,2584,2206.571429,2204,2224,486257319,489707876
2020-07-10T12:00:00Z,30,2558.233333,2550,2559,2204,2204,2204,489831470,493397634
2020-07-10T13:00:00Z,29,2557.103448,2550,2559,2204,2204,2204,493524002,496971905
2020-07-10T14:00:00Z,30,2554.6,2545,2559,2203.4,2201,2204,497093600,500665091
2020-07-10T15:00:00Z,29,2551.586207,2544,2557,2200.448276,2196,2204,500785936,504234255
2020-07-10T16:00:00Z,30,2547.3,2542,2551,2196.7,2194,2199,504356678,507943273
2020-07-10T17:00:00Z,28,2543.071429,2537,2548,2193.964286,2192,2197,508065792,511515199
2020-07-10T18:00:00Z,30,2540.266667,2533,2546,2192.1,2188,2193,511637704,515209340
2020-07-10T19:00:00Z,29,2538.37931,2531,2544,2191.655172,2189,2192,515332585,518771230
2020-07-10T20:00:00Z,30,2535.8,2527,2542,2188.366667,2185,2192,518893767,522467944
2020-07-10T21:00:00Z,29,2532.827586,2527,2538,2185.172414,2181,2188,522590606,526032311
2020-07-10T22:00:00Z,30,2529.366667,2521,2539,2182.7,2179,2188,526157257,529733224
2020-07-10T23:00:00Z,29,2545.482759,2529,2559,2195.37931,2187,2204,529855762,533300393
2020-07-11T00:00:00Z,30,2593.833333,2559,2659,2225.566667,2204,2270,533423158,536991218
2020-07-11T01:00:00Z,29,2746.310345,2633,2999,2330.413793,2254,2490,537114810,540547747
2020-07-11T02:00:00Z,30,2940.533333,2682,3047,2451.133333,2290,2498,540670131,544231535
2020-07-11T03:00:00Z,30,3002,2882,3086,2478,2462,2503,544354439,547921864
2020-07-11T04:00:00Z,29,2987,2869,3088,2474.862069,2462,2500,548046818,551486347
2020-07-11T05:00:00Z,30,2928.266667,2865,3055,2473.366667,2460,2501,551610997,555175865
2020-07-11T06:00:00Z,29,2975.724138,2867,3067,2468.37931,2460,2501,555298438,558747547
2020-07-11T07:00:00Z,29,2969.931034,2871,3031,2470.758621,2461,2501,558870090,562318277
2020-07-11T08:00:00Z,30,2962.066667,2832,3003,2450.833333,2429,2464,562441806,566001441
2020-07-11T09:00:00Z,29,2960.586207,2849,3007,2447.137931,2394,2463,566124158,569572806
2020-07-11T10:00:00Z,30,2704.666667,2605,2830,2294.3,2245,2371,569696147,573255200
2020-07-11T11:00:00Z,29,2615.206897,2585,2627,2236.724138,2231,2244,573377699,576821442
2020-07-11T12:00:00Z,30,2601.166667,2559,2617,2230.666667,2228,2235,576945089,580520223
2020-07-11T13:00:00Z,29,2603.275862,2559,2611,2226.068966,2224,2230,580642652,584085638
2020-07-11T14:00:00Z,30,2594.533333,2559,2607,2215.266667,2204,2225,584209677,587776289
2020-07-11T15:00:00Z,29,2587.827586,2559,2604,2204,2204,2204,587898781,591338757
2020-07-11T16:00:00Z,30,2577.5,2555,2594,2204.533333,2204,2220,591462358,595024316
2020-07-11T17:00:00Z,30,2581.2,2551,2599,2204,2204,2204,595146769,598708553
2020-07-11T18:00:00Z,29,2581.482759,2551,2592,2203.482759,2196,2204,598831308,602273110
2020-07-11T19:00:00Z,30,2576.666667,2549,2588,2203.9,2202,2204,602397748,605958330
2020-07-11T20:00:00Z,29,2565.068966,2547,2586,2201.62069,2198,2204,606081823,609517581
2020-07-11T21:00:00Z,30,2560.6,2544,2579,2198.8,2196,2201,609640026,613199092
2020-07-11T22:00:00Z,29,2556.758621,2540,2581,2196.448276,2193,2200,613320752,616773306
2020-07-11T23:00:00Z,29,2579.896552,2543,2607,2201.655172,2195,2204,616896746,620470121
2020-07-12T00:00:00Z,29,2635.034483,2591,2673,2239.793103,2204,2261,620593667,624045377
2020-07-12T01:00:00Z,30,2805.966667,2624,3105,2341.566667,2261,2483,624167183,627733369
2020-07-12T02:00:00Z,29,2999.965517,2871,3127,2473.551724,2461,2501,627856633,631308406
2020-07-12T03:00:00Z,29,2307.758621,2214,3091,2004.724138,1943,2511,631431035,634981966
2020-07-12T04:00:00Z,30,2205.3,2189,2224,1934.833333,1923,1943,635103555,638651118
2020-07-12T05:00:00Z,30,2180.866667,2166,2196,1917.133333,1908,1927,638772741,642328108
2020-07-12T06:00:00Z,29,2154.172414,2133,2167,1897.551724,1884,1910,642450693,645896935
2020-07-12T07:00:00Z,30,2133.333333,2107,2203,1879.766667,1862,1935,646021078,649590356
2020-07-12T08:00:00Z,29,2221.827586,2207,2236,1947.37931,1935,1955,649712838,653151463
2020-07-12T09:00:00Z,30,2232.4,2226,2241,1954.966667,1950,1958,653273831,656837282
2020-07-12T10:00:00Z,30,2239.066667,2235,2247,1957.233333,1954,1961,656960583,660538258
2020-07-12T11:00:00Z,29,2304,2238,2374,1999.689655,1956,2063,660660942,664105509
2020-07-12T12:00:00Z,30,2402.866667,2352,2437,2055.033333,2037,2075,664228088,667803635
2020-07-12T13:00:00Z,29,2471.689655,2398,2526,2082.862069,2068,2098,667927213,671376860
2020-07-12T14:00:00Z,30,2546.366667,2416,2602,2107.333333,2094,2134,671500462,675059840
2020-07-12T15:00:00Z,30,2594.533333,2455,2698,2133.7,2118,2148,675181092,678734068
2020-07-12T16:00:00Z,29,2715.724138,2480,2829,2160.068966,2148,2174,678856676,682296661
2020-07-12T17:00:00Z,30,2854.433333,2527,2987,2190.533333,2172,2204,124426,685487226
2020-07-12T18:00:00Z,2,2764,2747,2781,2204,2204,2204,614455,737175
