ts,n_samples,digital_adc_avg,digital_adc_min,digital_adc_max,voltage_adc_avg,voltage_adc_min,voltage_adc_max,lipo_v_avg,lipo_v_min,lipo_v_max,lipo_v_n_oor
2020-05-16T15:00:00Z,4,0,0,0,0,0,0,2.6455,2.586,2.719,0
2020-05-16T16:00:00Z,30,0,0,0,0,0,0,2.705167,2.585,3.106,0
2020-05-16T17:00:00Z,29,0,0,0,0,0,0,2.699897,2.589,3.27,0
2020-05-16T18:00:00Z,29,0,0,0,0,0,0,2.665897,2.583,3.032,0
2020-05-16T19:00:00Z,29,0,0,0,0,0,0,2.661,2.591,2.788,0
2020-05-16T20:00:00Z,30,0,0,0,0,0,0,2.6626,2.588,3.051,0
2020-05-16T21:00:00Z,29,0,0,0,0,0,0,2.689759,2.589,3.051,0
2020-05-16T22:00:00Z,29,604.931034,0,2289,1451.834483,0,5493.6,2.661207,2.589,3.037,0
2020-05-16T23:00:00Z,29,3143.034483,2448,3505,7543.282759,5875.2,8412,2.675483,2.589,3.108,0
2020-05-17T00:00:00Z,30,3771.166667,3511,4095,9050.8,8426.4,9828,2.656333,2.591,2.788,0
2020-05-17T01:00:00Z,29,3871.62069,3397,4095,9291.889655,8152.8,9828,2.73331,2.601,3.048,0
2020-05-17T02:00:00Z,29,4028.37931,3643,4095,9668.110345,8743.2,9828,2.693931,2.593,3.215,0
2020-05-17T03:00:00Z,29,3954.172414,3282,4095,9490.013793,7876.8,9828,2.698241,2.592,2.931,0
2020-05-17T04:00:00Z,30,4028.466667,3391,4095,9668.32,8138.4,9828,2.720833,2.599,3.204,0
2020-05-17T05:00:00Z,29,4095,4095,4095,9828,9828,9828,2.883621,2.679,3.23,0
2020-05-17T06:00:00Z,29,3088.482759,1074,4095,7412.358621,2577.6,9828,3.258828,2.661,8.616,3
2020-05-17T07:00:00Z,29,1489.103448,502,2433,3573.848276,1204.8,5839.2,2.913241,2.786,3.115,0
2020-05-17T08:00:00Z,28,555.285714,128,2369,1332.685714,307.2,5685.6,2.887821,2.715,3.139,0
2020-05-17T09:00:00Z,29,18,0,96,43.2,0,230.4,2.91869,2.803,3.095,0
2020-05-17T10:00:00Z,29,0.137931,0,4,0.331034,0,9.6,2.908621,2.813,2.993,0
2020-05-17T11:00:00Z,29,0,0,0,0,0,0,2.911034,2.744,3.279,0
2020-05-17T12:00:00Z,29,0,0,0,0,0,0,2.873759,2.709,2.981,0
2020-05-17T13:00:00Z,29,0,0,0,0,0,0,2.923897,2.581,4.797,1
2020-05-17T14:00:00Z,29,640.37931,0,2071,1536.910345,0,4970.4,2.899517,2.636,2.982,0
2020-05-17T15:00:00Z,30,1469,0,2331,3525.6,0,5594.4,3.1186,2.596,11.065,1
2020-05-17T16:00:00Z,29,1026.655172,0,3771,2463.972414,0,9050.4,2.808207,2.602,2.999,0
2020-05-17T17:00:00Z,29,0,0,0,0,0,0,2.816517,2.579,2.987,0
2020-05-17T18:00:00Z,29,0,0,0,0,0,0,2.887,2.737,2.987,0
2020-05-17T19:00:00Z,29,0,0,0,0,0,0,2.892759,2.792,2.968,0
2020-05-17T20:00:00Z,29,0,0,0,0,0,0,2.871655,2.72,2.991,0
2020-05-17T21:00:00Z,29,0,0,0,0,0,0,2.928483,2.787,3.583,0
2020-05-17T22:00:00Z,29,0,0,0,0,0,0,2.869897,2.709,3.081,0
2020-05-17T23:00:00Z,29,14.827586,0,116,35.586207,0,278.4,2.862621,2.728,3.113,0
2020-05-18T00:00:00Z,30,475.166667,132,1600,1140.4,316.8,3840,2.893133,2.7,2.984,0
2020-05-18T01:00:00Z,29,2558.758621,770,3635,6141.02069,1848,8724,2.886414,2.669,3.054,0
2020-05-18T02:00:00Z,29,3331.724138,1693,4083,7996.137931,4063.2,9799.2,2.889172,2.679,3.035,0
2020-05-18T03:00:00Z,29,3538.689655,2060,4071,8492.855172,4944,9770.4,2.892552,2.681,3.01,0
2020-05-18T04:00:00Z,14,2649.928571,1292,4095,6359.828571,3100.8,9828,2.754714,2.651,2.912,0
2020-05-18T05:00:00Z,26,3598.346154,774,4081,8636.030769,1857.6,9794.4,2.785769,2.602,4.676,1
2020-05-18T06:00:00Z,30,3347.033333,1995,3875,8032.88,4788,9300,2.700133,2.605,3.222,0
2020-05-18T07:00:00Z,29,1743.655172,928,2301,4184.772414,2227.2,5522.4,2.700069,2.594,3.095,0
2020-05-18T08:00:00Z,29,716.827586,235,1312,1720.386207,564,3148.8,2.73431,2.618,3.601,0
2020-05-18T09:00:00Z,29,111.586207,0,216,267.806897,0,518.4,2.882345,2.608,6.922,1
2020-05-18T10:00:00Z,30,0,0,0,0,0,0,2.791967,2.585,3.959,0
2020-05-18T11:00:00Z,29,0,0,0,0,0,0,2.687586,2.587,2.795,0
2020-05-18T12:00:00Z,29,0,0,0,0,0,0,2.791552,2.608,4.767,1
2020-05-18T13:00:00Z,29,0,0,0,0,0,0,2.756517,2.613,3.444,0
2020-05-18T14:00:00Z,28,0,0,0,0,0,0,2.805714,2.593,3.649,0
2020-05-18T15:00:00Z,6,0,0,0,0,0,0,2.781167,2.646,3.167,0
2020-05-18T16:00:00Z,4,477,0,1535,1144.8,0,3684,5.4795,2.687,13.637,1
2020-05-18T17:00:00Z,28,13.535714,0,337,483.535714,450,1285,3.84925,3.812,4.051,0
2020-05-18T18:00:00Z,28,0,0,0,450,450,450,3.811357,3.798,3.868,0
2020-05-18T19:00:00Z,30,0,0,0,450,450,450,3.805567,3.797,3.863,0
2020-05-18T20:00:00Z,29,0,0,0,450,450,450,3.799172,3.793,3.805,0
2020-05-18T21:00:00Z,30,0,0,0,450,450,450,3.803233,3.792,3.861,0
2020-05-18T22:00:00Z,26,361.807692,0,1456,1346.269231,450,4057,3.797115,3.787,3.858,0
2020-05-18T23:00:00Z,27,1991.962963,1727,2180,5385.555556,4729,5852,3.796963,3.789,3.85,0
2020-05-19T00:00:00Z,30,2253.733333,2149,2467,6034.266667,5775,6563,3.795067,3.79,3.853,0
2020-05-19T01:00:00Z,29,2456.310345,2290,2515,6536.344828,6124,6682,3.799172,3.787,3.865,0
2020-05-19T02:00:00Z,30,2435,2134,2512,6483.433333,5738,6674,3.793467,3.789,3.8,0
2020-05-19T03:00:00Z,29,2430.482759,2166,2515,6472.137931,5817,6682,3.797552,3.79,3.853,0
2020-05-19T04:00:00Z,30,2403.633333,2102,2503,6405.7,5658,6652,3.8113,3.79,3.858,0
2020-05-19T05:00:00Z,29,2403.793103,2120,2485,6406.137931,5703,6607,3.794345,3.789,3.846,0
2020-05-19T06:00:00Z,29,2402.896552,2210,2448,6403.793103,5926,6516,3.805793,3.79,3.86,0
2020-05-19T07:00:00Z,30,2378.066667,2143,2467,6342.466667,5760,6563,3.815833,3.805,3.879,0
2020-05-19T08:00:00Z,29,2106.655172,1712,2448,5669.724138,4692,6516,3.811552,3.79,3.866,0
2020-05-19T09:00:00Z,29,1006.034483,256,2005,2942.517241,1084,5418,3.795552,3.787,3.856,0
2020-05-19T10:00:00Z,29,705.448276,0,1152,2197.689655,450,3304,3.793448,3.78,3.858,0
2020-05-19T11:00:00Z,28,0,0,0,450,450,450,3.795857,3.78,3.845,0
2020-05-19T12:00:00Z,29,0,0,0,450,450,450,3.793034,3.777,3.843,0
2020-05-19T13:00:00Z,29,0,0,0,450,450,450,3.790966,3.777,3.841,0
2020-05-19T14:00:00Z,29,0,0,0,450,450,450,3.785138,3.775,3.84,0
2020-05-19T15:00:00Z,27,0,0,0,450,450,450,3.786778,3.777,3.84,0
2020-05-19T16:00:00Z,29,0,0,0,450,450,450,3.785621,3.765,3.838,0
2020-05-19T17:00:00Z,29,0,0,0,450,450,450,3.779483,3.77,3.836,0
2020-05-19T18:00:00Z,29,0,0,0,450,450,450,3.787345,3.767,3.856,0
2020-05-19T19:00:00Z,30,0,0,0,450,450,450,3.777067,3.767,3.836,0
2020-05-19T20:00:00Z,29,0,0,0,450,450,450,3.779621,3.772,3.836,0
2020-05-19T21:00:00Z,29,0,0,0,450,450,450,3.776552,3.767,3.807,0
2020-05-19T22:00:00Z,30,494.3,0,1634,1674.6,450,4499,3.7756,3.767,3.833,0
2020-05-19T23:00:00Z,29,1979.586207,1680,2167,5354.965517,4613,5819,3.777103,3.767,3.838,0
2020-05-20T00:00:00Z,30,2267.433333,2175,2383,6068.1,5839,6355,3.7765,3.767,3.833,0
2020-05-20T01:00:00Z,29,2387.413793,2191,2540,6365.551724,5879,6744,3.776724,3.77,3.833,0
2020-05-20T02:00:00Z,29,2405,2276,2509,6409.137931,6089,6667,3.78231,3.767,3.836,0
2020-05-20T03:00:00Z,29,2421.517241,2305,2511,6450,6161,6672,3.783448,3.77,3.838,0
2020-05-20T04:00:00Z,29,2408.344828,2256,2518,6417.413793,6040,6689,3.785655,3.77,3.851,0
2020-05-20T05:00:00Z,30,2091.8,1702,2364,5632.933333,4667,6307,3.777433,3.769,3.833,0
2020-05-20T06:00:00Z,29,2228.689655,1937,2461,5972.137931,5249,6548,3.773103,3.762,3.83,0
2020-05-20T07:00:00Z,28,2001.107143,1892,2160,5408.321429,5138,5802,3.776429,3.764,3.833,0
2020-05-20T08:00:00Z,30,2289.266667,2180,2373,6122.266667,5852,6330,3.772867,3.764,3.831,0
2020-05-20T09:00:00Z,28,2165.892857,1974,2285,5816.535714,5341,6112,3.772643,3.762,3.827,0
2020-05-20T10:00:00Z,30,1435.966667,292,1943,4007.8,1173,5264,3.781367,3.762,3.838,0
2020-05-20T11:00:00Z,29,8.034483,0,161,469.862069,450,848,3.777517,3.762,3.845,0
2020-05-20T12:00:00Z,30,0,0,0,450,450,450,3.773533,3.762,3.83,0
2020-05-20T13:00:00Z,28,0,0,0,450,450,450,3.768571,3.76,3.827,0
2020-05-20T14:00:00Z,30,0,0,0,450,450,450,3.766833,3.762,3.825,0
2020-05-20T15:00:00Z,27,0,0,0,450,450,450,3.763704,3.76,3.767,0
2020-05-20T16:00:00Z,29,0,0,0,450,450,450,3.765655,3.76,3.822,0
2020-05-20T17:00:00Z,25,0,0,0,450,450,450,3.77152,3.759,3.827,0
2020-05-20T18:00:00Z,29,0,0,0,450,450,450,3.769586,3.76,3.825,0
2020-05-20T19:00:00Z,30,0,0,0,450,450,450,3.7623,3.759,3.767,0
2020-05-20T20:00:00Z,29,0,0,0,450,450,450,3.761414,3.754,3.765,0
2020-05-20T21:00:00Z,30,0,0,0,450,450,450,3.768767,3.754,3.831,0
2020-05-20T22:00:00Z,28,654.928571,0,1893,2072.607143,450,5140,3.759964,3.755,3.762,0
2020-05-20T23:00:00Z,29,2114,1920,2207,5687.965517,5207,5918,3.764448,3.757,3.818,0
2020-05-21T00:00:00Z,29,2192.103448,2127,2310,5881.655172,5720,6174,3.763931,3.757,3.82,0
2020-05-21T01:00:00Z,27,2454,2288,2531,6530.555556,6119,6721,3.769,3.754,3.817,0
2020-05-21T02:00:00Z,30,2440.333333,2175,2514,6496.6,5839,6679,3.7648,3.757,3.82,0
2020-05-21T03:00:00Z,28,2402.642857,2034,2540,6403.25,5490,6744,3.765429,3.76,3.818,0
2020-05-21T04:00:00Z,29,2393.448276,1982,2469,6380.517241,5361,6568,3.767207,3.759,3.823,0
2020-05-21T05:00:00Z,30,2370.6,2035,2547,6323.866667,5492,6761,3.7654,3.759,3.82,0
2020-05-21T06:00:00Z,29,2389.517241,1941,2491,6370.689655,5259,6622,3.772241,3.76,3.827,0
2020-05-21T07:00:00Z,29,2385.034483,2063,2451,6359.517241,5562,6523,3.790552,3.779,3.853,0
2020-05-21T08:00:00Z,28,2171,1956,2425,5829.285714,5296,6459,3.776857,3.764,3.833,0
2020-05-21T09:00:00Z,29,2000.551724,1740,2239,5406.793103,4761,5998,3.771552,3.762,3.822,0
2020-05-21T10:00:00Z,29,1681.862069,624,2095,4617.137931,1996,5641,3.771586,3.747,3.823,0
2020-05-21T11:00:00Z,29,42.344828,0,489,554.827586,450,1661,3.766448,3.754,3.82,0
2020-05-21T12:00:00Z,30,0,0,0,450,450,450,3.775033,3.757,3.817,0
2020-05-21T13:00:00Z,29,0,0,0,450,450,450,3.767172,3.754,3.817,0
2020-05-21T14:00:00Z,30,0,0,0,450,450,450,3.7623,3.754,3.815,0
2020-05-21T15:00:00Z,29,0,0,0,450,450,450,3.763793,3.747,3.817,0
2020-05-21T16:00:00Z,30,0,0,0,450,450,450,3.766367,3.751,3.823,0
2020-05-21T17:00:00Z,29,0,0,0,450,450,450,3.760724,3.751,3.815,0
2020-05-21T18:00:00Z,30,0,0,0,450,450,450,3.7601,3.747,3.815,0
2020-05-21T19:00:00Z,29,0,0,0,450,450,450,3.758448,3.746,3.815,0
2020-05-21T20:00:00Z,30,0,0,0,450,450,450,3.759467,3.732,3.815,0
2020-05-21T21:00:00Z,29,0,0,0,450,450,450,3.753793,3.741,3.813,0
2020-05-21T22:00:00Z,29,0,0,0,450,450,450,3.759793,3.744,3.815,0
2020-05-21T23:00:00Z,30,0,0,0,450,450,450,3.750767,3.739,3.813,0
2020-05-22T00:00:00Z,29,15.172414,0,81,487.37931,450,650,3.759448,3.737,3.815,0
2020-05-22T01:00:00Z,30,689.666667,16,1306,2158.5,489,3686,3.753367,3.742,3.815,0
2020-05-22T02:00:00Z,28,1100.964286,52,1650,3177.642857,578,4538,3.760643,3.746,3.815,0
2020-05-22T03:00:00Z,30,1097.033333,2,1648,3167.866667,454,4533,3.759633,3.746,3.815,0
2020-05-22T04:00:00Z,29,1655.896552,1290,1775,4552.793103,3646,4848,3.768793,3.752,3.817,0
2020-05-22T05:00:00Z,30,1512.266667,104,1701,4196.866667,707,4665,3.774933,3.747,3.815,0
2020-05-22T06:00:00Z,29,1280.689655,288,1530,3623,1163,4241,3.769172,3.754,3.818,0
2020-05-22T07:00:00Z,30,369.566667,0,1144,1365.433333,450,3284,3.7643,3.754,3.817,0
2020-05-22T08:00:00Z,26,0,0,0,450,450,450,3.758577,3.744,3.815,0
2020-05-22T09:00:00Z,30,0,0,0,450,450,450,3.754167,3.741,3.813,0
2020-05-22T10:00:00Z,29,0,0,0,450,450,450,3.747759,3.737,3.813,0
2020-05-22T11:00:00Z,29,0,0,0,450,450,450,3.756276,3.741,3.81,0
2020-05-22T12:00:00Z,28,0,0,0,450,450,450,3.747643,3.737,3.813,0
2020-05-22T13:00:00Z,28,0,0,0,450,450,450,3.749393,3.737,3.812,0
2020-05-22T14:00:00Z,30,0,0,0,450,450,450,3.748067,3.737,3.813,0
2020-05-22T15:00:00Z,29,0,0,0,450,450,450,3.747172,3.734,3.807,0
2020-05-22T16:00:00Z,30,0,0,0,450,450,450,3.744367,3.736,3.807,0
2020-05-22T17:00:00Z,29,0,0,0,450,450,450,3.748586,3.736,3.805,0
2020-05-22T18:00:00Z,30,0,0,0,450,450,450,3.7427,3.734,3.807,0
2020-05-22T19:00:00Z,29,0,0,0,450,450,450,3.749966,3.734,3.807,0
2020-05-22T20:00:00Z,29,0,0,0,450,450,450,3.746034,3.731,3.803,0
2020-05-22T21:00:00Z,29,0,0,0,450,450,450,3.741034,3.729,3.8,0
2020-05-22T22:00:00Z,30,0,0,0,450,450,450,3.7402,3.731,3.8,0
2020-05-22T23:00:00Z,29,0,0,0,450,450,450,3.74269,3.731,3.807,0
2020-05-23T00:00:00Z,29,0,0,0,450,450,450,3.737103,3.727,3.795,0
2020-05-23T01:00:00Z,29,0,0,0,450,450,450,3.742621,3.729,3.798,0
2020-05-23T02:00:00Z,29,0,0,0,450,450,450,3.734793,3.727,3.741,0
2020-05-23T03:00:00Z,30,2.866667,0,32,457,450,529,3.733033,3.727,3.739,0
2020-05-23T04:00:00Z,28,76.607143,20,152,639.285714,499,826,3.74575,3.729,3.798,0
2020-05-23T05:00:00Z,30,578.633333,170,1120,1883.433333,871,3225,3.7356,3.727,3.792,0
2020-05-23T06:00:00Z,29,1529.137931,354,2199,4238.689655,1327,5899,3.761276,3.737,3.808,0
2020-05-23T07:00:00Z,26,523.115385,80,1122,1745.769231,648,3230,3.764269,3.732,3.815,0
2020-05-23T08:00:00Z,30,431.366667,180,1682,1518.433333,896,4617,3.746933,3.731,3.803,0
2020-05-23T09:00:00Z,29,79.310345,0,166,646.206897,450,861,3.759414,3.727,3.798,0
2020-05-23T10:00:00Z,30,0,0,0,450,450,450,3.751767,3.724,3.8,0
2020-05-23T11:00:00Z,29,0,0,0,450,450,450,3.733966,3.721,3.793,0
2020-05-23T12:00:00Z,29,0,0,0,450,450,450,3.743483,3.724,3.795,0
2020-05-23T13:00:00Z,28,0,0,0,450,450,450,3.73975,3.724,3.792,0
2020-05-23T14:00:00Z,29,0,0,0,450,450,450,3.749483,3.719,3.792,0
2020-05-23T15:00:00Z,29,0,0,0,450,450,450,3.746138,3.721,3.793,0
2020-05-23T16:00:00Z,28,0,0,0,450,450,450,3.746964,3.719,3.793,0
2020-05-23T17:00:00Z,29,0,0,0,450,450,450,3.732103,3.716,3.79,0
2020-05-23T18:00:00Z,29,0,0,0,450,450,450,3.726345,3.717,3.789,0
2020-05-23T19:00:00Z,30,0,0,0,450,450,450,3.7306,3.714,3.79,0
2020-05-23T20:00:00Z,29,0,0,0,450,450,450,3.727862,3.714,3.789,0
2020-05-23T21:00:00Z,29,0,0,0,450,450,450,3.725069,3.711,3.789,0
2020-05-23T22:00:00Z,30,0,0,0,450,450,450,3.723567,3.713,3.787,0
2020-05-23T23:00:00Z,29,0,0,0,450,450,450,3.727931,3.714,3.787,0
2020-05-24T00:00:00Z,30,61.1,0,116,600.866667,450,737,3.7275,3.714,3.797,0
2020-05-24T01:00:00Z,28,469.357143,145,1153,1612.607143,809,3307,3.72425,3.713,3.798,0
2020-05-24T02:00:00Z,26,1014.653846,611,1615,2963.846154,1964,4451,3.731038,3.714,3.789,0
2020-05-24T03:00:00Z,30,1679.133333,585,1999,4610.333333,1899,5403,3.7363,3.714,3.792,0
2020-05-24T04:00:00Z,29,1926.793103,1296,2231,5224.034483,3661,5978,3.753103,3.721,3.793,0
2020-05-24T05:00:00Z,29,1868.413793,496,2227,5079.448276,1679,5968,3.743414,3.727,3.798,0
2020-05-24T06:00:00Z,30,1944.1,1561,2135,5266.933333,4318,5740,3.751567,3.736,3.8,0
2020-05-24T07:00:00Z,29,1707.517241,982,2044,4680.724138,2883,5515,3.753241,3.737,3.8,0
2020-05-24T08:00:00Z,30,361.933333,192,1152,1346.333333,925,3304,3.7547,3.727,3.797,0
2020-05-24T09:00:00Z,29,97.827586,16,196,691.931034,489,935,3.738138,3.721,3.793,0
2020-05-24T10:00:00Z,29,0.758621,0,14,451.793103,450,484,3.733379,3.713,3.793,0
2020-05-24T11:00:00Z,30,0,0,0,450,450,450,3.7299,3.714,3.792,0
2020-05-24T12:00:00Z,29,0,0,0,450,450,450,3.732862,3.716,3.789,0
2020-05-24T13:00:00Z,26,0,0,0,450,450,450,3.743154,3.713,3.793,0
2020-05-24T14:00:00Z,29,0,0,0,450,450,450,3.728724,3.711,3.795,0
2020-05-24T15:00:00Z,29,0,0,0,450,450,450,3.726517,3.711,3.789,0
2020-05-24T16:00:00Z,29,0,0,0,450,450,450,3.725517,3.709,3.787,0
2020-05-24T17:00:00Z,28,0,0,0,450,450,450,3.725036,3.709,3.787,0
2020-05-24T18:00:00Z,28,0,0,0,450,450,450,3.729536,3.709,3.785,0
2020-05-24T19:00:00Z,29,0,0,0,450,450,450,3.717793,3.709,3.785,0
2020-05-24T20:00:00Z,29,0,0,0,450,450,450,3.716414,3.708,3.785,0
2020-05-24T21:00:00Z,29,0,0,0,450,450,450,3.717103,3.709,3.789,0
2020-05-24T22:00:00Z,30,0,0,0,450,450,450,3.712767,3.709,3.782,0
2020-05-24T23:00:00Z,28,0,0,0,450,450,450,3.712286,3.704,3.789,0
2020-05-25T00:00:00Z,27,0,0,0,450,450,450,3.710852,3.704,3.779,0
2020-05-25T01:00:00Z,29,0,0,0,450,450,450,3.716759,3.701,3.777,0
2020-05-25T02:00:00Z,29,46.413793,0,198,564.758621,450,940,3.707034,3.703,3.709,0
2020-05-25T03:00:00Z,30,820.8,219,1264,2483.433333,992,3582,3.715533,3.679,3.779,0
2020-05-25T04:00:00Z,29,1415.724138,937,2173,3957.655172,2771,5834,3.720517,3.706,3.779,0
2020-05-25T05:00:00Z,29,2117.068966,1997,2191,5695.62069,5398,5879,3.735172,3.709,3.785,0
2020-05-25T06:00:00Z,30,2206.133333,2179,2231,5916.3,5849,5978,3.734933,3.721,3.789,0
2020-05-25T07:00:00Z,29,2015.413793,854,2226,5443.758621,2566,5966,3.740207,3.726,3.789,0
2020-05-25T08:00:00Z,30,351.866667,64,2105,1321.433333,608,5666,3.731567,3.713,3.793,0
2020-05-25T09:00:00Z,29,12.448276,0,72,480.689655,450,628,3.730517,3.708,3.789,0
2020-05-25T10:00:00Z,29,0,0,0,450,450,450,3.718931,3.706,3.78,0
2020-05-25T11:00:00Z,30,0,0,0,450,450,450,3.719733,3.703,3.78,0
2020-05-25T12:00:00Z,29,0,0,0,450,450,450,3.718655,3.703,3.774,0
2020-05-25T13:00:00Z,30,0,0,0,450,450,450,3.7158,3.701,3.777,0
2020-05-25T14:00:00Z,21,0,0,0,450,450,450,3.713381,3.698,3.77,0
2020-05-25T15:00:00Z,30,0,0,0,450,450,450,3.706367,3.694,3.77,0
2020-05-25T16:00:00Z,29,0,0,0,450,450,450,3.714069,3.681,3.767,0
2020-05-25T17:00:00Z,27,0,0,0,450,450,450,3.717963,3.694,3.767,0
2020-05-25T18:00:00Z,29,0,0,0,450,450,450,3.706897,3.679,3.764,0
2020-05-25T19:00:00Z,30,0,0,0,450,450,450,3.6937,3.681,3.762,0
2020-05-25T20:00:00Z,29,0,0,0,450,450,450,3.692621,3.679,3.762,0
2020-05-25T21:00:00Z,28,0,0,0,450,450,450,3.697214,3.676,3.762,0
2020-05-25T22:00:00Z,29,0,0,0,450,450,450,3.692724,3.676,3.762,0
2020-05-25T23:00:00Z,30,3.866667,0,32,459.466667,450,529,3.6988,3.678,3.767,0
2020-05-26T00:00:00Z,29,72.862069,0,229,630.137931,450,1017,3.697345,3.678,3.76,0
2020-05-26T01:00:00Z,29,619.931034,224,2064,1985.655172,1005,5564,3.686621,3.668,3.759,0
2020-05-26T02:00:00Z,28,2091.321429,1141,2285,5631.821429,3277,6112,3.701786,3.675,3.762,0
2020-05-26T03:00:00Z,30,2237.066667,2225,2257,5993.033333,5963,6042,3.696333,3.675,3.762,0
2020-05-26T04:00:00Z,29,2221.965517,2065,2252,5955.551724,5567,6030,3.715103,3.681,3.764,0
2020-05-26T05:00:00Z,29,2116.275862,496,2252,5693.62069,1679,6030,3.714172,3.681,3.762,0
2020-05-26T06:00:00Z,30,2064.6,384,2234,5565.6,1401,5985,3.721867,3.704,3.764,0
2020-05-26T07:00:00Z,29,2116.62069,1698,2183,5694.482759,4657,5859,3.713,3.698,3.762,0
2020-05-26T08:00:00Z,29,294.931034,16,2064,1180.344828,489,5564,3.696828,3.679,3.76,0
2020-05-26T09:00:00Z,29,0.206897,0,6,450.482759,450,464,3.684,3.673,3.755,0
2020-05-26T10:00:00Z,30,0,0,0,450,450,450,3.703033,3.673,3.757,0
2020-05-26T11:00:00Z,28,0,0,0,450,450,450,3.678786,3.661,3.752,0
2020-05-26T12:00:00Z,27,0,0,0,450,450,450,3.678704,3.661,3.759,0
2020-05-26T13:00:00Z,28,0,0,0,450,450,450,3.695036,3.661,3.752,0
2020-05-26T14:00:00Z,28,0,0,0,450,450,450,3.7035,3.66,3.747,0
2020-05-26T15:00:00Z,28,0,0,0,450,450,450,3.683607,3.656,3.746,0
2020-05-26T16:00:00Z,29,0,0,0,450,450,450,3.673276,3.656,3.744,0
2020-05-26T17:00:00Z,30,0,0,0,450,450,450,3.677733,3.656,3.744,0
2020-05-26T18:00:00Z,28,0,0,0,450,450,450,3.673,3.655,3.739,0
2020-05-26T19:00:00Z,29,0,0,0,450,450,450,3.658552,3.653,3.734,0
2020-05-26T20:00:00Z,29,0,0,0,450,450,450,3.663379,3.651,3.739,0
2020-05-26T21:00:00Z,29,0,0,0,450,450,450,3.665207,3.648,3.734,0
2020-05-26T22:00:00Z,29,0,0,0,450,450,450,3.662103,3.646,3.731,0
2020-05-26T23:00:00Z,29,0,0,0,450,450,450,3.654,3.641,3.726,0
2020-05-27T00:00:00Z,29,19.655172,0,113,498.517241,450,730,3.68031,3.641,3.731,0
2020-05-27T01:00:00Z,29,426.172414,16,1054,1505.482759,489,3061,3.683828,3.645,3.727,0
2020-05-27T02:00:00Z,29,692.896552,0,1330,2166.551724,450,3745,3.686241,3.641,3.727,0
2020-05-27T03:00:00Z,30,410.366667,80,1118,1466.466667,648,3220,3.6802,3.641,3.726,0
2020-05-27T04:00:00Z,29,923.241379,289,1713,2737.241379,1166,4694,3.703379,3.645,3.727,0
2020-05-27T05:00:00Z,30,573.62069,304,1042,1851.866667,1203,3032,3.671933,3.638,3.724,0
2020-05-27T06:00:00Z,29,323.862069,164,841,1251.931034,856,2533,3.666241,3.638,3.721,0
2020-05-27T07:00:00Z,30,162.6,80,242,852.466667,648,1049,3.6598,3.635,3.719,0
2020-05-27T08:00:00Z,29,55.275862,0,149,586.448276,450,819,3.646793,3.632,3.714,0
2020-05-27T09:00:00Z,30,0,0,0,450,450,450,3.653167,3.628,3.714,0
2020-05-27T10:00:00Z,28,0,0,0,450,450,450,3.644321,3.627,3.713,0
2020-05-27T11:00:00Z,29,0,0,0,450,450,450,3.638586,3.625,3.711,0
2020-05-27T12:00:00Z,29,0,0,0,450,450,450,3.644379,3.62,3.711,0
2020-05-27T13:00:00Z,29,0,0,0,450,450,450,3.633517,3.62,3.708,0
2020-05-27T14:00:00Z,28,0,0,0,450,450,450,3.629464,3.615,3.708,0
2020-05-27T15:00:00Z,29,0,0,0,450,450,450,3.649793,3.613,3.708,0
2020-05-27T16:00:00Z,29,0,0,0,450,450,450,3.638793,3.608,3.704,0
2020-05-27T17:00:00Z,29,0,0,0,450,450,450,3.634724,3.608,3.701,0
2020-05-27T18:00:00Z,29,0,0,0,450,450,450,3.636414,3.607,3.701,0
2020-05-27T19:00:00Z,30,0,0,0,450,450,450,3.623867,3.604,3.699,0
2020-05-27T20:00:00Z,29,0,0,0,450,450,450,3.613276,3.605,3.681,0
2020-05-27T21:00:00Z,28,0,0,0,450,450,450,3.612321,3.604,3.681,0
2020-05-27T22:00:00Z,29,0,0,0,450,450,450,3.610586,3.602,3.681,0
2020-05-27T23:00:00Z,29,0,0,0,450,450,450,3.610621,3.604,3.681,0
2020-05-28T00:00:00Z,30,5.2,0,32,462.7,450,529,3.614133,3.595,3.681,0
2020-05-28T01:00:00Z,29,419.172414,16,1377,1488.241379,489,3862,3.620966,3.6,3.679,0
2020-05-28T02:00:00Z,26,702.769231,41,1535,2190.923077,551,4253,3.612577,3.6,3.678,0
2020-05-28T03:00:00Z,30,649.066667,114,1346,2058,732,3785,3.6106,3.595,3.675,0
2020-05-28T04:00:00Z,29,1250.206897,112,1748,3547.551724,727,4781,3.615,3.6,3.678,0
2020-05-28T05:00:00Z,29,1617.896552,224,1747,4458.758621,1005,4779,3.611069,3.595,3.673,0
2020-05-28T06:00:00Z,28,1060.678571,0,1713,3077.928571,450,4694,3.616679,3.599,3.679,0
2020-05-28T07:00:00Z,29,0,0,0,450,450,450,3.611655,3.592,3.671,0
2020-05-28T08:00:00Z,29,0,0,0,450,450,450,3.618517,3.587,3.668,0
2020-05-28T09:00:00Z,27,0,0,0,450,450,450,3.59463,3.58,3.665,0
2020-05-28T10:00:00Z,29,0,0,0,450,450,450,3.598828,3.579,3.661,0
2020-05-28T11:00:00Z,28,0,0,0,450,450,450,3.593893,3.577,3.66,0
2020-05-28T12:00:00Z,27,0,0,0,450,450,450,3.594222,3.575,3.656,0
2020-05-28T13:00:00Z,29,0,0,0,450,450,450,3.586448,3.575,3.656,0
2020-05-28T14:00:00Z,30,0,0,0,450,450,450,3.582267,3.574,3.656,0
2020-05-28T15:00:00Z,28,0,0,0,450,450,450,3.583607,3.57,3.655,0
2020-05-28T16:00:00Z,20,0,0,0,450,450,450,3.5865,3.567,3.651,0
2020-05-28T17:00:00Z,29,0,0,0,450,450,450,3.59369,3.562,3.651,0
2020-05-28T18:00:00Z,29,0,0,0,450,450,450,3.575034,3.559,3.646,0
2020-05-28T19:00:00Z,30,0,0,0,450,450,450,3.5675,3.556,3.646,0
2020-05-28T20:00:00Z,28,0,0,0,450,450,450,3.570643,3.559,3.641,0
2020-05-28T21:00:00Z,30,0,0,0,450,450,450,3.569567,3.554,3.641,0
2020-05-28T22:00:00Z,29,0,0,0,450,450,450,3.572483,3.554,3.641,0
2020-05-28T23:00:00Z,29,0,0,0,450,450,450,3.566724,3.551,3.638,0
2020-05-29T00:00:00Z,29,16.344828,0,92,490.172414,450,677,3.566655,3.551,3.638,0
2020-05-29T01:00:00Z,29,301.37931,8,1602,1196.241379,469,4419,3.563379,3.551,3.635,0
2020-05-29T02:00:00Z,30,1508.3,13,1778,4187.133333,482,4855,3.567333,3.551,3.635,0
2020-05-29T03:00:00Z,29,783.344828,20,1967,2390.655172,499,5324,3.561448,3.551,3.633,0
2020-05-29T04:00:00Z,29,1362.586207,80,1996,3826.068966,648,5396,3.562724,3.551,3.633,0
2020-05-29T05:00:00Z,29,776.37931,326,1202,2373.344828,1257,3428,3.572897,3.552,3.635,0
2020-05-29T06:00:00Z,27,966.962963,737,1369,2845.62963,2276,3842,3.561667,3.554,3.633,0
2020-05-29T07:00:00Z,30,1159.9,304,1606,3323.8,1203,4429,3.5717,3.556,3.635,0
2020-05-29T08:00:00Z,29,18.172414,0,230,494.896552,450,1019,3.557517,3.549,3.632,0
2020-05-29T09:00:00Z,29,0,0,0,450,450,450,3.566586,3.546,3.625,0
2020-05-29T10:00:00Z,28,0,0,0,450,450,450,3.556107,3.541,3.63,0
2020-05-29T11:00:00Z,29,0,0,0,450,450,450,3.55369,3.541,3.618,0
2020-05-29T12:00:00Z,29,0,0,0,450,450,450,3.545966,3.534,3.615,0
2020-05-29T13:00:00Z,28,0,0,0,450,450,450,3.5485,3.532,3.678,0
2020-05-29T14:00:00Z,30,0,0,0,450,450,450,3.546433,3.531,3.615,0
2020-05-29T15:00:00Z,28,0,0,0,450,450,450,3.550714,3.529,3.612,0
2020-05-29T16:00:00Z,30,0,0,0,450,450,450,3.5538,3.526,3.613,0
2020-05-29T17:00:00Z,29,0,0,0,450,450,450,3.536621,3.524,3.607,0
2020-05-29T18:00:00Z,30,0,0,0,450,450,450,3.5338,3.521,3.605,0
2020-05-29T19:00:00Z,29,0,0,0,450,450,450,3.537138,3.519,3.604,0
2020-05-29T20:00:00Z,30,0,0,0,450,450,450,3.5354,3.513,3.605,0
2020-05-29T21:00:00Z,29,0,0,0,450,450,450,3.520172,3.509,3.524,0
2020-05-29T22:00:00Z,30,0,0,0,450,450,450,3.5384,3.511,3.605,0
2020-05-29T23:00:00Z,29,0,0,0,450,450,450,3.52431,3.514,3.602,0
2020-05-30T00:00:00Z,30,4.233333,0,64,460.4,450,608,3.5152,3.508,3.521,0
2020-05-30T01:00:00Z,29,313.103448,56,964,1225.344828,588,2838,3.535655,3.506,3.6,0
2020-05-30T02:00:00Z,29,842.137931,0,1424,2536.37931,450,3978,3.522724,3.509,3.6,0
2020-05-30T03:00:00Z,30,942.933333,96,1725,2786.1,687,4724,3.530167,3.509,3.599,0
2020-05-30T04:00:00Z,29,1289.517241,91,1776,3644.896552,675,4850,3.525276,3.516,3.599,0
2020-05-30T05:00:00Z,30,218.966667,0,1702,992.333333,450,4667,3.521567,3.513,3.595,0
2020-05-30T06:00:00Z,29,0,0,0,450,450,450,3.527931,3.503,3.594,0
2020-05-30T07:00:00Z,29,0,0,0,450,450,450,3.518138,3.498,3.597,0
2020-05-30T08:00:00Z,29,0,0,0,450,450,450,3.517034,3.498,3.587,0
2020-05-30T09:00:00Z,30,0,0,0,450,450,450,3.5225,3.498,3.587,0
2020-05-30T10:00:00Z,29,0,0,0,450,450,450,3.513379,3.496,3.585,0
2020-05-30T11:00:00Z,28,0,0,0,450,450,450,3.5105,3.498,3.582,0
2020-05-30T12:00:00Z,29,0,0,0,450,450,450,3.507414,3.493,3.582,0
2020-05-30T13:00:00Z,28,0,0,0,450,450,450,3.5065,3.494,3.58,0
2020-05-30T14:00:00Z,28,0,0,0,450,450,450,3.501607,3.486,3.577,0
2020-05-30T15:00:00Z,30,0,0,0,450,450,450,3.503167,3.488,3.575,0
2020-05-30T16:00:00Z,29,0,0,0,450,450,450,3.503759,3.486,3.574,0
2020-05-30T17:00:00Z,30,0,0,0,450,450,450,3.496467,3.483,3.572,0
2020-05-30T18:00:00Z,25,0,0,0,450,450,450,3.50152,3.48,3.572,0
2020-05-30T19:00:00Z,28,0,0,0,450,450,450,3.494179,3.476,3.572,0
2020-05-30T20:00:00Z,30,0,0,0,450,450,450,3.491833,3.48,3.569,0
2020-05-30T21:00:00Z,29,0,0,0,450,450,450,3.500483,3.476,3.569,0
2020-05-30T22:00:00Z,30,0,0,0,450,450,450,3.481567,3.473,3.561,0
2020-05-30T23:00:00Z,29,0,0,0,450,450,450,3.483414,3.471,3.562,0
2020-05-31T00:00:00Z,30,0.2,0,6,450.466667,450,464,3.481733,3.473,3.562,0
2020-05-31T01:00:00Z,29,389.103448,0,1392,1413.758621,450,3899,3.492931,3.473,3.567,0
2020-05-31T02:00:00Z,30,1352.166667,0,1811,3800.2,450,4937,3.487233,3.475,3.562,0
2020-05-31T03:00:00Z,29,0,0,0,450,450,450,3.487276,3.47,3.562,0
2020-05-31T04:00:00Z,30,289.833333,0,1627,1167.833333,450,4481,3.4916,3.471,3.559,0
2020-05-31T05:00:00Z,29,4.689655,0,112,461.586207,450,727,3.484034,3.47,3.559,0
2020-05-31T06:00:00Z,30,0.166667,0,5,450.4,450,462,3.491767,3.463,3.557,0
2020-05-31T07:00:00Z,29,58.448276,0,149,594.413793,450,819,3.482828,3.468,3.559,0
2020-05-31T08:00:00Z,29,47.862069,0,128,568.137931,450,767,3.487586,3.466,3.554,0
2020-05-31T09:00:00Z,30,0,0,0,450,450,450,3.486167,3.463,3.554,0
2020-05-31T10:00:00Z,29,0,0,0,450,450,450,3.488034,3.456,3.552,0
2020-05-31T11:00:00Z,30,0,0,0,450,450,450,3.476,3.456,3.551,0
2020-05-31T12:00:00Z,27,0,0,0,450,450,450,3.467593,3.456,3.551,0
2020-05-31T13:00:00Z,30,0,0,0,450,450,450,3.468933,3.456,3.546,0
2020-05-31T14:00:00Z,28,0,0,0,450,450,450,3.469036,3.45,3.551,0
2020-05-31T15:00:00Z,29,0,0,0,450,450,450,3.467,3.455,3.549,0
2020-05-31T16:00:00Z,30,0,0,0,450,450,450,3.474733,3.455,3.549,0
2020-05-31T17:00:00Z,22,0,0,0,450,450,450,3.465909,3.448,3.546,0
2020-05-31T18:00:00Z,29,0,0,0,450,450,450,3.459138,3.447,3.544,0
2020-05-31T19:00:00Z,24,0,0,0,450,450,450,3.455333,3.447,3.542,0
2020-05-31T20:00:00Z,12,0,0,0,450,450,450,3.448917,3.445,3.453,0
2020-05-31T21:00:00Z,22,0,0,0,450,450,450,3.447455,3.43,3.529,0
2020-05-31T22:00:00Z,25,0,0,0,450,450,450,3.44944,3.437,3.526,0
2020-05-31T23:00:00Z,29,0,0,0,450,450,450,3.449586,3.437,3.528,0
2020-06-01T00:00:00Z,28,0,0,0,450,450,450,3.446107,3.427,3.523,0
2020-06-01T01:00:00Z,28,385.214286,0,1056,1404.035714,450,3066,3.464214,3.43,3.523,0
2020-06-01T02:00:00Z,30,586.433333,0,1271,1902.666667,450,3599,3.449667,3.435,3.523,0
2020-06-01T03:00:00Z,29,478.37931,0,1210,1635.034483,450,3448,3.445724,3.43,3.524,0
2020-06-01T04:00:00Z,30,1055.833333,212,1481,3065.866667,975,4119,3.456,3.442,3.529,0
2020-06-01T05:00:00Z,29,609.275862,0,1394,1959.310345,450,3904,3.457276,3.437,3.526,0
2020-06-01T06:00:00Z,30,8.666667,0,113,471.433333,450,730,3.438033,3.43,3.443,0
2020-06-01T07:00:00Z,29,0,0,0,450,450,450,3.435621,3.423,3.514,0
2020-06-01T08:00:00Z,30,0,0,0,450,450,450,3.4458,3.422,3.519,0
2020-06-01T09:00:00Z,29,0,0,0,450,450,450,3.431483,3.422,3.513,0
2020-06-01T10:00:00Z,29,0,0,0,450,450,450,3.432897,3.42,3.514,0
2020-06-01T11:00:00Z,28,0,0,0,450,450,450,3.430429,3.417,3.516,0
2020-06-01T12:00:00Z,27,0,0,0,450,450,450,3.439,3.417,3.514,0
2020-06-01T13:00:00Z,26,0,0,0,450,450,450,3.437308,3.417,3.506,0
2020-06-01T14:00:00Z,27,0,0,0,450,450,450,3.424778,3.414,3.506,0
2020-06-01T15:00:00Z,29,0,0,0,450,450,450,3.437414,3.41,3.506,0
2020-06-01T16:00:00Z,29,0,0,0,450,450,450,3.423103,3.41,3.503,0
2020-06-01T17:00:00Z,29,0,0,0,450,450,450,3.425345,3.409,3.499,0
2020-06-01T18:00:00Z,28,0,0,0,450,450,450,3.42575,3.402,3.498,0
2020-06-01T19:00:00Z,29,0,0,0,450,450,450,3.428345,3.399,3.499,0
2020-06-01T20:00:00Z,30,0,0,0,450,450,450,3.417767,3.4,3.498,0
2020-06-01T21:00:00Z,29,0,0,0,450,450,450,3.423586,3.404,3.499,0
2020-06-01T22:00:00Z,29,0,0,0,450,450,450,3.41531,3.402,3.498,0
2020-06-01T23:00:00Z,24,0,0,0,450,450,450,3.420208,3.4,3.498,0
2020-06-02T00:00:00Z,28,3.571429,0,34,458.75,450,534,3.41975,3.4,3.498,0
2020-06-02T01:00:00Z,30,190.533333,16,624,921.633333,489,1996,3.430767,3.4,3.499,0
2020-06-02T02:00:00Z,29,1146.965517,84,1722,3291.689655,658,4717,3.422138,3.404,3.501,0
2020-06-02T03:00:00Z,30,1649.166667,500,1883,4536.166667,1689,5116,3.429667,3.41,3.506,0
2020-06-02T04:00:00Z,29,1431.034483,128,1792,3995.655172,767,4890,3.429276,3.423,3.437,0
2020-06-02T05:00:00Z,24,1145.875,40,1831,3288.958333,549,4987,3.436833,3.422,3.504,0
2020-06-02T15:00:00Z,20,0,0,0,450,450,450,3.3047,3.286,3.389,0
2020-06-02T16:00:00Z,30,0,0,0,450,450,450,3.3021,3.285,3.389,0
2020-06-02T17:00:00Z,29,0,0,0,450,450,450,3.292966,3.278,3.382,0
2020-06-02T18:00:00Z,29,0,0,0,450,450,450,3.288759,3.271,3.372,0
2020-06-02T19:00:00Z,29,0,0,0,450,450,450,3.27969,3.266,3.367,0
2020-06-02T20:00:00Z,30,0,0,0,450,450,450,3.2736,3.263,3.364,0
2020-06-02T21:00:00Z,29,0,0,0,450,450,450,3.284483,3.257,3.359,0
2020-06-02T22:00:00Z,30,0,0,0,450,450,450,3.260633,3.248,3.357,0
2020-06-02T23:00:00Z,29,0,0,0,450,450,450,3.264,3.243,3.344,0
2020-06-03T00:00:00Z,29,0,0,0,450,450,450,3.261276,3.237,3.339,0
2020-06-03T01:00:00Z,27,451.592593,0,1360,1568.777778,450,3820,3.247889,3.235,3.339,0
2020-06-03T02:00:00Z,29,1570.827586,1306,1693,4342.068966,3686,4645,3.247724,3.232,3.331,0
2020-06-03T03:00:00Z,29,1686.310345,214,1828,4628.241379,980,4979,3.251966,3.23,3.324,0
2020-06-03T04:00:00Z,29,1345.931034,72,1987,3784.689655,628,5373,3.238172,3.228,3.313,0
2020-06-03T05:00:00Z,29,1447.862069,9,1986,4037.275862,472,5371,3.241724,3.225,3.309,0
2020-06-03T06:00:00Z,29,1561.172414,0,1793,4318.068966,450,4893,3.227586,3.219,3.293,0
2020-06-03T07:00:00Z,25,805.32,0,1664,2445.28,450,4573,3.22088,3.2,3.288,0
2020-06-03T08:00:00Z,30,0,0,0,450,450,450,3.2035,3.187,3.286,0
2020-06-03T09:00:00Z,28,0,0,0,450,450,450,3.19225,3.181,3.28,0
2020-06-03T10:00:00Z,29,0,0,0,450,450,450,3.180034,3.169,3.271,0
2020-06-03T11:00:00Z,27,0,0,0,450,450,450,3.177111,3.159,3.26,0
2020-06-03T12:00:00Z,27,0,0,0,450,450,450,3.168667,3.149,3.248,0
2020-06-03T13:00:00Z,24,0,0,0,450,450,450,3.161,3.136,3.238,0
2020-06-03T14:00:00Z,27,0,0,0,450,450,450,3.145296,3.123,3.225,0
2020-06-03T15:00:00Z,28,0,0,0,450,450,450,3.1235,3.108,3.2,0
2020-06-03T16:00:00Z,29,0,0,0,450,450,450,3.115759,3.096,3.195,0
2020-06-03T17:00:00Z,29,0,0,0,450,450,450,3.108828,3.086,3.181,0
2020-06-03T18:00:00Z,29,0,0,0,450,450,450,3.088552,3.075,3.179,0
2020-06-03T19:00:00Z,30,0,0,0,450,450,450,3.085467,3.073,3.162,0
2020-06-03T20:00:00Z,29,0,0,0,450,450,450,3.064448,3.052,3.143,0
2020-06-03T21:00:00Z,29,0,0,0,450,450,450,3.077379,3.048,3.128,0
2020-06-03T22:00:00Z,29,0,0,0,450,450,450,3.053276,3.035,3.088,0
2020-06-03T23:00:00Z,30,0,0,0,450,450,450,3.0301,3.014,3.075,0
2020-06-04T00:00:00Z,29,0,0,0,450,450,450,3.005,2.989,3.02,0
2020-06-04T01:00:00Z,29,380.62069,0,1412,1392.724138,450,3948,2.976345,2.964,2.992,0
2020-06-04T02:00:00Z,29,1126.862069,0,1699,3241.931034,450,4660,2.961069,2.938,3.012,0
2020-06-04T03:00:00Z,29,1009.517241,0,1810,2951.137931,450,4935,2.92569,2.898,2.984,0
2020-06-04T04:00:00Z,5,1708.2,1681,1742,4682.2,4615,4766,2.8948,2.891,2.9,0
2020-06-14T02:00:00Z,3,0,0,0,450,450,450,2.846,2.591,3.136,0
2020-06-14T03:00:00Z,28,0,0,0,450,450,450,3.781607,3.442,3.974,0
2020-06-14T04:00:00Z,29,0,0,0,450,450,450,4.053138,3.974,4.109,0
2020-06-14T05:00:00Z,28,0,0,0,450,450,450,4.136929,4.106,4.155,0
2020-06-14T06:00:00Z,29,0,0,0,450,450,450,4.160828,4.139,4.177,0
2020-06-14T07:00:00Z,30,0,0,0,450,450,450,4.182433,4.157,4.19,0
2020-06-14T08:00:00Z,29,0,0,0,450,450,450,4.16569,4.144,4.197,0
2020-06-14T09:00:00Z,30,0,0,0,450,450,450,4.1557,4.127,4.164,0
2020-06-14T10:00:00Z,12,0,0,0,450,450,450,4.154333,4.15,4.16,0
2020-06-14T11:00:00Z,21,647.857143,0,3070,1714.542857,0,8057,1.758333,0,3.764,10
2020-06-14T12:00:00Z,32,128.125,0,616,168.8125,0,684,0,0,0,32
2020-06-14T13:00:00Z,29,151.034483,0,674,205.275862,0,638,0,0,0,29
2020-06-14T14:00:00Z,38,1257.789474,0,4095,1279.789474,0,4095,1.066,0,4.095,31
2020-06-14T15:00:00Z,28,4095,4095,4095,4095,4095,4095,4.095,4.095,4.095,0
2020-06-14T16:00:00Z,30,4095,4095,4095,4095,4095,4095,4.095,4.095,4.095,0
2020-06-14T17:00:00Z,16,4095,4095,4095,4095,4095,4095,4.095,4.095,4.095,0
2020-06-15T01:00:00Z,12,224.25,0,729,180.166667,57,226,0.041,0,0.211,12
2020-06-15T02:00:00Z,25,1762.96,0,4962,232.88,191,353,0,0,0,25
