ts,n_samples,solar2_v_avg,solar2_v_min,solar2_v_max,current2_a_avg,current2_a_min,current2_a_max,temp_c_avg,temp_c_min,temp_c_max,lipo2_v_avg,lipo2_v_min,lipo2_v_max,boot_count_min,boot_count_max,solar2_v_n_oor,current2_a_n_oor,temp_c_n_oor,lipo2_v_n_oor
2024-01-12T07:00:00Z,30,0,0,0,0.216167,0.206,0.258,26.35,18.7,46.2,3.6727,2.559,3.96,1,30,0,0,0,0
2024-01-12T08:00:00Z,28,0,0,0,0.215036,0.208,0.225,26.357143,19.8,32.7,4.060857,3.976,4.12,32,59,0,0,0,0
2024-01-12T09:00:00Z,28,0,0,0,0.216107,0.205,0.227,26.125,19.8,35.3,4.143107,4.125,4.163,60,88,0,0,0,0
2024-01-12T10:00:00Z,29,0,0,0,0.220966,0.206,0.232,26.151724,19.9,33.7,4.17331,4.161,4.184,89,117,0,0,0,0
2024-01-12T11:00:00Z,29,0,0,0,0.217621,0.204,0.229,26.593103,19.9,34,4.168207,4.146,4.186,118,146,0,0,0,0
2024-01-12T12:00:00Z,29,0,0,0,0.219931,0.204,0.231,28.113793,20.8,36,4.139517,4.135,4.148,147,175,0,0,0,0
2024-01-12T13:00:00Z,30,0,0,0,0.217767,0.207,0.233,26.516667,19.3,33.5,4.133133,4.131,4.135,176,205,0,0,0,0
2024-01-12T14:00:00Z,28,0,0,0,0.219821,0.204,0.231,26.960714,19,34,4.129286,4.125,4.133,206,234,0,0,0,0
2024-01-12T15:00:00Z,29,0,0,0,0.217069,0.204,0.23,26.741379,19.4,35,4.125034,4.121,4.13,235,263,0,0,0,0
2024-01-12T16:00:00Z,29,0,0,0,0.218828,0.204,0.233,27.027586,19.8,35.2,4.121655,4.118,4.126,264,292,0,0,0,0
2024-01-12T17:00:00Z,29,0,0,0,0.219862,0.208,0.233,27.744828,20.3,34,4.119931,4.118,4.123,293,321,0,0,0,0
2024-01-12T18:00:00Z,29,0,0,0,0.218241,0.203,0.231,26.948276,19.3,34,4.117517,4.115,4.121,322,350,0,0,0,0
2024-01-12T19:00:00Z,30,0,0,0,0.218533,0.204,0.23,27.77,20.2,36,4.1162,4.113,4.12,351,380,0,0,0,0
2024-01-12T20:00:00Z,29,0,0,0,0.21869,0.205,0.23,28.034483,19.8,36.1,4.114414,4.111,4.118,381,409,0,0,0,0
2024-01-12T21:00:00Z,29,0,0,0,0.219931,0.208,0.232,28.282759,19.5,35.1,4.113172,4.11,4.116,410,438,0,0,0,0
2024-01-12T22:00:00Z,25,0,0,0,0.21968,0.206,0.232,27.376,19.9,36.4,4.11108,4.108,4.116,439,467,0,0,0,0
2024-01-12T23:00:00Z,29,0,0,0,0.220103,0.206,0.231,27.148276,19.7,34.3,4.108034,4.105,4.111,468,496,0,0,0,0
2024-01-13T00:00:00Z,30,0,0,0,0.217833,0.203,0.23,26.926667,19.8,35.8,4.108367,4.105,4.113,497,526,0,0,0,0
2024-01-13T01:00:00Z,29,0,0,0,0.219069,0.206,0.228,27.227586,20.8,34.1,4.107621,4.105,4.11,527,555,0,0,0,0
2024-01-13T02:00:00Z,29,0,0,0,0.217,0.204,0.229,27.67931,19.6,35.9,4.106621,4.105,4.11,556,584,0,0,0,0
2024-01-13T03:00:00Z,29,0,0,0,0.217586,0.203,0.232,27.275862,20.4,35.5,4.106621,4.105,4.11,585,613,0,0,0,0
2024-01-13T04:00:00Z,29,0,0,0,0.218379,0.207,0.229,25.365517,19.5,35,4.107586,4.105,4.111,614,642,0,0,0,0
2024-01-13T05:00:00Z,30,0,0,0,0.220133,0.205,0.296,28.67,20,53.3,4.106267,4.105,4.11,643,672,0,0,0,0
2024-01-13T06:00:00Z,29,0,0,0,0.220034,0.207,0.268,27.089655,19.9,40.8,4.105793,4.105,4.108,673,701,0,0,0,0
2024-01-13T07:00:00Z,29,0,0,0,0.217759,0.206,0.227,25.2,18.9,32.1,4.105586,4.103,4.108,702,730,0,0,0,0
2024-01-13T08:00:00Z,29,0,0,0,0.222448,0.212,0.238,23.941379,16.7,31.5,4.104862,4.103,4.108,731,759,0,0,0,0
2024-01-13T09:00:00Z,29,0,0,0,0.223759,0.208,0.237,25.024138,18.3,31.7,4.104207,4.102,4.106,760,788,0,0,0,0
2024-01-13T10:00:00Z,30,0,0,0,0.216633,0.203,0.23,25.57,18.9,34.7,4.103733,4.102,4.106,789,818,0,0,0,0
2024-01-13T11:00:00Z,29,0,0,0,0.215034,0.206,0.226,26.248276,19.8,34.9,4.103138,4.1,4.106,819,847,0,0,0,0
2024-01-13T12:00:00Z,29,0,0,0,0.218552,0.206,0.23,28.041379,20.6,35.4,4.10269,4.1,4.106,848,876,0,0,0,0
2024-01-13T13:00:00Z,29,0,0,0,0.218276,0.207,0.228,26.944828,20.3,33.1,4.101828,4.1,4.105,877,905,0,0,0,0
2024-01-13T14:00:00Z,29,0,0,0,0.218241,0.206,0.232,27.172414,19.9,36,4.102276,4.098,4.105,906,934,0,0,0,0
2024-01-13T15:00:00Z,29,0,0,0,0.218517,0.205,0.23,27.696552,20.1,34.8,4.101724,4.1,4.105,935,963,0,0,0,0
2024-01-13T16:00:00Z,30,0,0,0,0.218967,0.205,0.23,26.346667,19.9,35.7,4.101,4.098,4.103,964,993,0,0,0,0
2024-01-13T17:00:00Z,29,0,0,0,0.218,0.206,0.231,27.1,20.5,33.8,4.101552,4.098,4.105,994,1022,0,0,0,0
2024-01-13T18:00:00Z,29,0,0,0,0.217828,0.206,0.232,27.258621,20.7,35.1,4.101379,4.098,4.105,1023,1051,0,0,0,0
2024-01-13T19:00:00Z,29,0,0,0,0.217828,0.207,0.228,26.527586,19.8,34.9,4.100828,4.097,4.103,1052,1080,0,0,0,0
2024-01-13T20:00:00Z,29,0,0,0,0.218448,0.207,0.229,27.424138,20.6,34.8,4.100276,4.098,4.103,1081,1109,0,0,0,0
2024-01-13T21:00:00Z,30,0,0,0,0.217267,0.207,0.227,26.99,19.5,35.5,4.098767,4.097,4.102,1110,1139,0,0,0,0
2024-01-13T22:00:00Z,29,0,0,0,0.220379,0.208,0.231,26.841379,19.4,33.6,4.099724,4.097,4.103,1140,1168,0,0,0,0
2024-01-13T23:00:00Z,29,0,0,0,0.218483,0.207,0.233,27.141379,19.4,35.4,4.098621,4.095,4.103,1169,1197,0,0,0,0
2024-01-14T00:00:00Z,28,0,0,0,0.218929,0.204,0.231,26.378571,20.4,34.7,4.097536,4.083,4.102,1198,1226,0,0,0,0
2024-01-14T01:00:00Z,29,0.422,0,1.243,0.219655,0.218,0.222,24.703448,24.4,25,4.081414,4.08,4.085,1227,1255,0,0,0,0
2024-01-14T02:00:00Z,30,2.330933,1.08,4.272,0.218767,0.217,0.222,24.523333,23.6,24.9,4.079733,4.078,4.082,1256,1285,0,0,0,0
2024-01-14T03:00:00Z,29,2.216138,1.205,4.175,0.217828,0.216,0.22,24.431034,23.8,24.7,4.077759,4.073,4.08,1286,1314,0,0,0,0
2024-01-14T04:00:00Z,29,1.742724,0.497,4.262,0.217793,0.217,0.221,24.582759,24.4,24.7,4.073034,4.069,4.077,1315,1343,0,0,0,0
2024-01-14T05:00:00Z,29,0.683483,0.498,1.028,0.218517,0.218,0.221,24.734483,24.5,25.1,4.068655,4.065,4.072,1344,1372,0,0,0,0
2024-01-14T06:00:00Z,29,0.582103,0.429,0.706,0.218862,0.218,0.223,24.775862,24.7,25.1,4.063379,4.059,4.069,1373,1401,0,0,0,0
2024-01-14T07:00:00Z,30,0.424433,0,0.708,0.218833,0.218,0.222,24.753333,24.6,25,4.060233,4.057,4.065,1402,1431,0,0,0,0
2024-01-14T08:00:00Z,29,0.148655,0,0.341,0.218862,0.218,0.223,24.765517,24.6,25.1,4.057448,4.054,4.06,1432,1460,0,0,0,0
2024-01-14T09:00:00Z,29,0,0,0,0.218655,0.218,0.221,24.758621,24.6,25.1,4.053931,4.052,4.057,1461,1489,0,0,0,0
2024-01-14T10:00:00Z,29,0,0,0,0.219172,0.218,0.222,24.806897,24.7,25.2,4.051862,4.049,4.054,1490,1518,0,0,0,0
2024-01-14T11:00:00Z,29,0,0,0,0.219552,0.219,0.222,24.803448,24.7,25,4.050138,4.047,4.052,1519,1547,0,0,0,0
2024-01-14T12:00:00Z,29,0,0,0,0.219552,0.219,0.222,24.906897,24.7,25.2,4.045379,4.044,4.049,1548,1576,0,0,0,0
2024-01-14T13:00:00Z,30,0,0,0,0.2201,0.219,0.223,24.893333,24.6,25.1,4.042867,4.04,4.047,1577,1606,0,0,0,0
2024-01-14T14:00:00Z,29,0,0,0,0.219897,0.219,0.223,24.906897,24.7,25.3,4.040379,4.036,4.045,1607,1635,0,0,0,0
2024-01-14T15:00:00Z,29,0,0,0,0.22031,0.219,0.223,24.958621,24.8,25.2,4.037897,4.034,4.042,1636,1664,0,0,0,0
2024-01-14T16:00:00Z,29,0,0,0,0.220103,0.219,0.223,24.982759,24.7,25.2,4.03631,4.034,4.04,1665,1693,0,0,0,0
2024-01-14T17:00:00Z,29,0,0,0,0.22,0.218,0.221,25.065517,24.8,25.3,4.034034,4.031,4.037,1694,1722,0,0,0,0
2024-01-14T18:00:00Z,30,0,0,0,0.219867,0.219,0.223,25.056667,24.8,25.3,4.0321,4.031,4.036,1723,1752,0,0,0,0
2024-01-14T19:00:00Z,29,0,0,0,0.220241,0.219,0.222,25.013793,24.8,25.3,4.030379,4.029,4.032,1753,1781,0,0,0,0
2024-01-14T20:00:00Z,29,0,0,0,0.220414,0.219,0.223,25.089655,24.8,25.3,4.029483,4.029,4.031,1782,1810,0,0,0,0
2024-01-14T21:00:00Z,20,0,0,0,0.2206,0.22,0.223,24.94,24.7,25.2,4.028,4.027,4.031,1811,1838,0,0,0,0
2024-01-14T22:00:00Z,7,0,0,0,0.220429,0.22,0.221,24.885714,24.7,25,4.026571,4.026,4.027,1840,1864,0,0,0,0
2024-01-14T23:00:00Z,17,0,0,0,0.220824,0.22,0.222,24.876471,24.7,25,4.025176,4.024,4.027,1877,1893,0,0,0,0
2024-01-15T00:00:00Z,29,0.037172,0,0.392,0.220759,0.22,0.223,24.855172,24.7,25.1,4.024034,4.021,4.026,1894,1922,0,0,0,0
2024-01-15T01:00:00Z,29,0.639069,0.351,1.441,0.219897,0.218,0.223,24.793103,24.6,25.1,4.022345,4.019,4.026,1923,1951,0,0,0,0
2024-01-15T02:00:00Z,30,0.707233,0.524,1.054,0.2192,0.218,0.223,24.766667,24.7,25,4.021933,4.019,4.024,1952,1981,0,0,0,0
2024-01-15T03:00:00Z,29,0.873621,0.483,2.743,0.218655,0.218,0.221,24.77931,24.6,25.1,4.019897,4.017,4.022,1982,2010,0,0,0,0
2024-01-15T04:00:00Z,29,2.375379,0.68,4.624,0.218379,0.217,0.22,24.606897,23.3,25.1,4.019276,4.017,4.022,2011,2039,0,0,0,0
2024-01-15T05:00:00Z,29,1.081793,0.613,4.511,0.218138,0.217,0.221,24.517241,24.3,24.8,4.018586,4.014,4.022,2040,2068,0,0,0,0
2024-01-15T06:00:00Z,29,0.552276,0.487,0.631,0.218414,0.218,0.222,24.72069,24.6,25,4.015,4.012,4.021,2069,2097,0,0,0,0
2024-01-15T07:00:00Z,30,0.348767,0,0.633,0.2187,0.218,0.221,24.746667,24.7,25,4.012667,4.009,4.019,2098,2127,0,0,0,0
2024-01-15T08:00:00Z,29,0,0,0,0.219793,0.218,0.223,24.817241,24.7,25.1,4.010138,4.006,4.014,2128,2156,0,0,0,0
2024-01-15T09:00:00Z,29,0,0,0,0.220207,0.217,0.224,25.051724,23.6,26.2,4.007655,4.004,4.012,2157,2185,0,0,0,0
2024-01-15T10:00:00Z,29,0,0,0,0.219552,0.217,0.223,24.972414,23.8,26.2,4.004655,4.001,4.007,2186,2214,0,0,0,0
2024-01-15T11:00:00Z,29,0,0,0,0.219207,0.217,0.225,24.775862,23.6,26.3,4.001448,3.999,4.004,2215,2243,0,0,0,0
2024-01-15T12:00:00Z,30,0,0,0,0.220333,0.217,0.223,25.323333,23.7,26.5,3.998733,3.996,4.003,2244,2273,0,0,0,0
2024-01-15T13:00:00Z,29,0,0,0,0.220138,0.217,0.224,25.196552,23.8,26.5,3.995345,3.991,3.999,2274,2302,0,0,0,0
2024-01-15T14:00:00Z,29,0,0,0,0.219103,0.216,0.225,24.837931,23.8,26.1,3.991345,3.986,3.996,2303,2331,0,0,0,0
2024-01-15T15:00:00Z,29,0,0,0,0.219552,0.216,0.224,25.106897,23.8,26.4,3.986586,3.984,3.991,2332,2360,0,0,0,0
2024-01-15T16:00:00Z,29,0,0,0,0.220759,0.216,0.223,25.37931,23.8,26.4,3.981172,3.978,3.986,2361,2389,0,0,0,0
2024-01-15T17:00:00Z,29,0,0,0,0.219759,0.216,0.223,25.02069,23.8,26.3,3.977345,3.976,3.981,2390,2418,0,0,0,0
2024-01-15T18:00:00Z,30,0,0,0,0.219933,0.216,0.225,25.323333,23.8,26.4,3.9741,3.973,3.976,2419,2448,0,0,0,0
2024-01-15T19:00:00Z,29,0,0,0,0.219793,0.216,0.224,25.137931,23.7,26.6,3.970517,3.966,3.974,2449,2477,0,0,0,0
2024-01-15T20:00:00Z,29,0,0,0,0.220138,0.216,0.225,24.934483,23.5,26.5,3.965103,3.96,3.97,2478,2506,0,0,0,0
2024-01-15T21:00:00Z,29,0,0,0,0.219621,0.216,0.223,24.834483,23.7,26.2,3.958793,3.955,3.965,2507,2535,0,0,0,0
2024-01-15T22:00:00Z,29,0,0,0,0.219517,0.217,0.223,24.972414,23.8,26.4,3.952586,3.95,3.958,2536,2564,0,0,0,0
2024-01-15T23:00:00Z,30,0,0,0,0.2198,0.217,0.224,24.923333,23.7,26.3,3.9482,3.945,3.951,2565,2594,0,0,0,0
2024-01-16T00:00:00Z,28,0.306107,0,2.94,0.220214,0.217,0.225,25.057143,23.8,26.2,3.944321,3.941,3.948,2595,2623,0,0,0,0
2024-01-16T01:00:00Z,29,3.823414,2.804,4.36,0.217552,0.216,0.222,24.465517,24.1,24.8,3.943586,3.941,3.946,2624,2652,0,0,0,0
2024-01-16T02:00:00Z,29,4.262552,3.732,4.667,0.216207,0.214,0.218,24.3,24.2,24.6,3.941655,3.94,3.945,2653,2681,0,0,0,0
2024-01-16T03:00:00Z,29,2.37469,2.176,4.674,0.216966,0.214,0.221,24.468966,24.2,24.7,3.936103,3.932,3.941,2682,2710,0,0,0,0
2024-01-16T04:00:00Z,30,2.3805,2.176,2.771,0.217833,0.216,0.22,24.59,24.4,24.8,3.929933,3.927,3.935,2711,2740,0,0,0,0
2024-01-16T05:00:00Z,29,2.470724,2.279,2.817,0.217655,0.216,0.22,24.596552,24.4,24.8,3.92669,3.923,3.93,2741,2769,0,0,0,0
2024-01-16T06:00:00Z,28,2.291643,1.622,2.883,0.217643,0.216,0.22,24.557143,24.4,24.7,3.923607,3.922,3.927,2770,2798,0,0,0,0
2024-01-16T07:00:00Z,29,2.27931,1.915,2.783,0.217517,0.216,0.22,24.548276,24.4,24.7,3.922414,3.922,3.925,2799,2827,0,0,0,0
2024-01-16T08:00:00Z,29,1.610172,0.89,2.105,0.217724,0.217,0.22,24.555172,24.4,24.7,3.919966,3.915,3.923,2828,2856,0,0,0,0
2024-01-16T09:00:00Z,29,0.469857,0.339,0.889,0.221103,0.219,0.223,24.637931,23.3,25,3.911414,3.907,3.92,2857,2885,0,0,0,0
2024-01-16T10:00:00Z,30,0.010633,0,0.319,0.2202,0.219,0.223,24.726667,24.6,25.1,3.906933,3.904,3.912,2886,2915,0,0,0,0
2024-01-16T11:00:00Z,24,0,0,0,0.220167,0.219,0.222,24.741667,24.7,25.1,3.902792,3.9,3.907,2916,2944,0,0,0,0
2024-01-16T12:00:00Z,27,0,0,0,0.22037,0.219,0.223,24.766667,24.6,25,3.898074,3.895,3.902,2945,2971,0,0,0,0
2024-01-16T13:00:00Z,27,0,0,0,0.220222,0.219,0.222,24.737037,24.7,25.1,3.894037,3.892,3.897,2972,2998,0,0,0,0
2024-01-16T14:00:00Z,28,0,0,0,0.220143,0.22,0.221,24.714286,24.7,24.9,3.890143,3.887,3.894,2999,3026,0,0,0,0
2024-01-16T15:00:00Z,28,0,0,0,0.220429,0.22,0.223,24.746429,24.7,24.9,3.885786,3.882,3.89,3027,3054,0,0,0,0
2024-01-16T16:00:00Z,29,0,0,0,0.220931,0.22,0.223,24.772414,24.7,25,3.881793,3.88,3.887,3055,3083,0,0,0,0
2024-01-16T17:00:00Z,27,0,0,0,0.220519,0.22,0.222,24.748148,24.7,25.1,3.878556,3.875,3.884,3084,3112,0,0,0,0
2024-01-16T18:00:00Z,26,0,0,0,0.221,0.22,0.223,24.765385,24.7,25.1,3.875692,3.872,3.88,3113,3140,0,0,0,0
2024-01-16T19:00:00Z,28,0,0,0,0.221357,0.22,0.223,24.771429,24.7,25,3.873036,3.871,3.877,3141,3169,0,0,0,0
2024-01-16T20:00:00Z,29,0,0,0,0.221345,0.221,0.223,24.782759,24.7,25.1,3.872034,3.871,3.874,3170,3198,0,0,0,0
2024-01-16T21:00:00Z,29,0,0,0,0.221276,0.22,0.223,24.765517,24.7,24.9,3.870103,3.869,3.872,3199,3227,0,0,0,0
2024-01-16T22:00:00Z,27,0,0,0,0.221444,0.221,0.223,24.807407,24.7,25.1,3.869444,3.867,3.871,3228,3255,0,0,0,0
2024-01-16T23:00:00Z,29,0.08869,0,0.419,0.221586,0.221,0.223,24.793103,24.7,25.1,3.868138,3.866,3.869,3256,3284,0,0,0,0
2024-01-17T00:00:00Z,29,1.756621,0.347,3.099,0.219931,0.218,0.223,24.710345,23.7,25.1,3.867931,3.866,3.869,3285,3313,0,0,0,0
2024-01-17T01:00:00Z,29,3.383345,2.652,4.511,0.217448,0.215,0.225,24.282759,21.5,24.7,3.869793,3.869,3.872,3314,3342,0,0,0,0
2024-01-17T02:00:00Z,29,4.58031,4.18,4.787,0.214862,0.213,0.218,24.165517,24,24.5,3.870897,3.869,3.872,3343,3371,0,0,0,0
2024-01-17T03:00:00Z,29,2.185448,1.759,4.688,0.217276,0.216,0.22,24.455172,24.2,24.7,3.869034,3.866,3.871,3372,3400,0,0,0,0
2024-01-17T04:00:00Z,28,2.043643,1.951,2.163,0.217857,0.216,0.221,24.575,24.4,24.8,3.86675,3.864,3.869,3401,3428,0,0,0,0
2024-01-17T05:00:00Z,27,2.055519,1.935,2.199,0.217444,0.217,0.218,24.533333,24.4,24.7,3.865074,3.862,3.869,3431,3458,0,0,0,0
2024-01-17T06:00:00Z,27,2.017074,1.617,2.556,0.217333,0.216,0.22,24.537037,24.4,24.7,3.862926,3.859,3.866,3459,3487,0,0,0,0
2024-01-17T07:00:00Z,27,1.500556,1.212,1.697,0.217185,0.216,0.22,24.52963,24.3,24.7,3.860296,3.856,3.864,3488,3516,0,0,0,0
2024-01-17T08:00:00Z,29,1.010483,0.821,1.374,0.217793,0.216,0.221,24.603448,24.5,24.8,3.856759,3.852,3.861,3517,3545,0,0,0,0
2024-01-17T09:00:00Z,28,0.618607,0.397,0.82,0.218321,0.217,0.221,24.585714,23.1,24.8,3.851893,3.849,3.856,3546,3574,0,0,0,0
2024-01-17T10:00:00Z,29,0.037138,0,0.377,0.21931,0.218,0.223,24.672414,24.2,25,3.848069,3.846,3.852,3575,3603,0,0,0,0
2024-01-17T11:00:00Z,29,0,0,0,0.219414,0.218,0.222,24.713793,24.2,25,3.844966,3.842,3.849,3604,3632,0,0,0,0
2024-01-17T12:00:00Z,29,0,0,0,0.219379,0.218,0.222,24.717241,24.6,25.1,3.842207,3.839,3.846,3633,3661,0,0,0,0
2024-01-17T13:00:00Z,26,0,0,0,0.219577,0.219,0.222,24.719231,24.6,24.9,3.84,3.838,3.842,3662,3690,0,0,0,0
2024-01-17T14:00:00Z,30,0,0,0,0.2199,0.219,0.223,24.726667,24.6,25,3.837,3.834,3.841,3691,3720,0,0,0,0
2024-01-17T15:00:00Z,29,0,0,0,0.220517,0.219,0.223,24.631034,24.3,25,3.834621,3.829,3.839,3721,3749,0,0,0,0
2024-01-17T16:00:00Z,29,0,0,0,0.220379,0.218,0.222,24.713793,24.6,24.9,3.830621,3.828,3.834,3750,3778,0,0,0,0
2024-01-17T17:00:00Z,28,0,0,0,0.2205,0.22,0.222,24.735714,24.7,25.1,3.827536,3.824,3.833,3779,3807,0,0,0,0
2024-01-17T18:00:00Z,22,0,0,0,0.220409,0.219,0.222,24.718182,24.7,24.9,3.823273,3.819,3.828,3808,3835,0,0,0,0
2024-01-17T19:00:00Z,22,0,0,0,0.220955,0.22,0.223,24.759091,24.7,25.1,3.819636,3.818,3.823,3836,3863,0,0,0,0
2024-01-17T20:00:00Z,9,0,0,0,0.220333,0.22,0.221,24.7,24.6,24.8,3.817111,3.816,3.818,3865,3884,0,0,0,0
2024-01-17T21:00:00Z,5,0,0,0,0.2214,0.22,0.223,24.8,24.7,25.1,3.8134,3.811,3.816,3893,3917,0,0,0,0
2024-01-17T22:00:00Z,29,0,0,0,0.220966,0.22,0.223,24.758621,24.6,25,3.810517,3.806,3.814,3918,3946,0,0,0,0
2024-01-17T23:00:00Z,29,0.096586,0,0.5,0.221276,0.22,0.223,24.775862,24.6,25.1,3.807,3.803,3.811,3947,3975,0,0,0,0
2024-01-18T00:00:00Z,29,1.656759,0.551,2.824,0.220103,0.218,0.224,24.686207,23.3,25,3.804276,3.801,3.808,3976,4004,0,0,0,0
2024-01-18T01:00:00Z,29,3.844034,2.97,4.377,0.217655,0.216,0.22,24.52069,24,24.8,3.803621,3.801,3.808,4005,4033,0,0,0,0
2024-01-18T02:00:00Z,29,4.429172,3.104,4.634,0.215931,0.214,0.218,24.241379,24.1,24.5,3.803759,3.801,3.808,4034,4062,0,0,0,0
2024-01-18T03:00:00Z,28,2.728179,2.335,4.569,0.21675,0.214,0.22,24.360714,24.1,24.6,3.800464,3.796,3.808,4063,4091,0,0,0,0
2024-01-18T04:00:00Z,30,2.708933,2.445,2.953,0.2177,0.216,0.22,24.533333,24.4,24.7,3.7937,3.791,3.8,4092,4121,0,0,0,0
2024-01-18T05:00:00Z,28,2.330286,1.518,2.888,0.217643,0.215,0.22,24.525,24.4,24.7,3.790143,3.786,3.793,4122,4150,0,0,0,0
2024-01-18T06:00:00Z,29,2.28031,1.876,2.484,0.217621,0.216,0.22,24.510345,24.4,24.7,3.78469,3.781,3.788,4151,4179,0,0,0,0
2024-01-18T07:00:00Z,29,1.800448,1.154,2.43,0.217586,0.217,0.22,24.541379,24.4,24.8,3.778621,3.773,3.785,4180,4208,0,0,0,0
2024-01-18T08:00:00Z,27,1.217704,0.562,1.895,0.21737,0.216,0.219,24.559259,24.4,24.7,3.772407,3.768,3.776,4210,4237,0,0,0,0
2024-01-18T09:00:00Z,29,0.58669,0.424,0.788,0.218966,0.217,0.227,24.396552,21.8,25,3.76669,3.765,3.772,4238,4266,0,0,0,0
2024-01-18T10:00:00Z,29,0.055138,0,0.431,0.219034,0.218,0.222,24.737931,24.7,25,3.762966,3.762,3.765,4267,4295,0,0,0,0
2024-01-18T11:00:00Z,28,0,0,0,0.219821,0.218,0.222,24.760714,24.7,25,3.7585,3.753,3.763,4296,4324,0,0,0,0
2024-01-18T12:00:00Z,30,0,0,0,0.2202,0.219,0.223,24.74,24.7,25,3.7504,3.745,3.757,4325,4354,0,0,0,0
2024-01-18T13:00:00Z,29,0,0,0,0.220345,0.22,0.223,24.748276,24.7,25.1,3.742103,3.737,3.747,4355,4383,0,0,0,0
2024-01-18T14:00:00Z,29,0,0,0,0.220448,0.22,0.223,24.775862,24.6,25.1,3.735138,3.732,3.74,4384,4412,0,0,0,0
2024-01-18T15:00:00Z,27,0,0,0,0.220704,0.219,0.223,24.777778,24.6,25.2,3.72863,3.722,3.734,4413,4441,0,0,0,0
2024-01-18T16:00:00Z,25,0,0,0,0.22072,0.22,0.223,24.776,24.7,25,3.71952,3.715,3.724,4442,4470,0,0,0,0
2024-01-18T17:00:00Z,29,0,0,0,0.220793,0.22,0.223,24.765517,24.7,25.1,3.712586,3.71,3.715,4471,4499,0,0,0,0
2024-01-18T18:00:00Z,29,0,0,0,0.221103,0.22,0.223,24.796552,24.7,25.1,3.708552,3.704,3.712,4500,4528,0,0,0,0
2024-01-18T19:00:00Z,29,0,0,0,0.221172,0.22,0.222,24.810345,24.7,25.1,3.701069,3.696,3.707,4529,4557,0,0,0,0
2024-01-18T20:00:00Z,29,0,0,0,0.22131,0.22,0.223,24.786207,24.7,25.1,3.685931,3.681,3.697,4558,4586,0,0,0,0
2024-01-18T21:00:00Z,30,0,0,0,0.2215,0.221,0.223,24.773333,24.7,25.1,3.677567,3.671,3.682,4587,4616,0,0,0,0
2024-01-18T22:00:00Z,29,0,0,0,0.221138,0.22,0.223,24.824138,24.7,25.2,3.669172,3.664,3.674,4617,4645,0,0,0,0
2024-01-18T23:00:00Z,29,0.107,0,0.459,0.221379,0.22,0.223,24.858621,24.7,25.2,3.661621,3.658,3.664,4646,4674,0,0,0,0
2024-01-19T00:00:00Z,29,1.014034,0.49,1.697,0.220034,0.219,0.222,24.741379,24.7,25,3.657621,3.654,3.661,4675,4703,0,0,0,0
2024-01-19T01:00:00Z,29,2.952897,1.564,4.141,0.219172,0.217,0.222,24.665517,24.3,25,3.653034,3.649,3.658,4704,4732,0,0,0,0
2024-01-19T02:00:00Z,27,3.69437,2.491,4.592,0.21663,0.215,0.218,24.425926,24.2,24.7,3.646,3.643,3.649,4733,4760,0,0,0,0
2024-01-19T03:00:00Z,29,2.519103,2.207,4.603,0.217345,0.214,0.221,24.455172,23.3,24.7,3.63769,3.631,3.643,4762,4790,0,0,0,0
2024-01-19T04:00:00Z,27,2.692407,1.81,3.396,0.217778,0.216,0.22,24.574074,24.4,24.9,3.631444,3.628,3.635,4791,4819,0,0,0,0
2024-01-19T05:00:00Z,29,2.664379,1.454,3.242,0.21731,0.216,0.22,24.555172,24.4,24.8,3.624517,3.62,3.63,4820,4848,0,0,0,0
2024-01-19T06:00:00Z,30,2.264033,2.005,2.55,0.217033,0.215,0.218,24.543333,24.4,24.7,3.615967,3.611,3.623,4849,4878,0,0,0,0
2024-01-19T07:00:00Z,29,1.795276,1.102,2.451,0.217207,0.216,0.22,24.534483,24.4,24.7,3.609414,3.607,3.611,4879,4907,0,0,0,0
2024-01-19T08:00:00Z,29,1.015379,0.669,1.376,0.217724,0.216,0.221,24.631034,24.5,24.7,3.605069,3.603,3.607,4908,4936,0,0,0,0
2024-01-19T09:00:00Z,29,0.560517,0.329,0.877,0.218,0.217,0.22,24.637931,24.5,24.9,3.599414,3.595,3.603,4937,4965,0,0,0,0
2024-01-19T10:00:00Z,29,0,0,0,0.219034,0.218,0.222,24.710345,24.4,25,3.590966,3.585,3.595,4966,4994,0,0,0,0
2024-01-19T11:00:00Z,29,0,0,0,0.219517,0.218,0.222,24.758621,24.6,25.1,3.583414,3.58,3.588,4995,5023,0,0,0,0
2024-01-19T12:00:00Z,29,0,0,0,0.219414,0.218,0.223,24.748276,24.6,25,3.578069,3.575,3.58,5024,5052,0,0,0,0
2024-01-19T13:00:00Z,30,0,0,0,0.220133,0.219,0.223,24.75,24.7,25,3.573067,3.569,3.578,5053,5082,0,0,0,0
2024-01-19T14:00:00Z,29,0,0,0,0.220621,0.218,0.223,24.837931,24.7,25.2,3.565724,3.56,3.57,5083,5111,0,0,0,0
2024-01-19T15:00:00Z,29,0,0,0,0.220828,0.219,0.223,24.786207,24.7,25.1,3.558069,3.555,3.562,5112,5140,0,0,0,0
2024-01-19T16:00:00Z,29,0,0,0,0.221172,0.22,0.223,24.813793,24.7,25.1,3.553069,3.552,3.555,5141,5169,0,0,0,0
2024-01-19T17:00:00Z,29,0,0,0,0.221034,0.22,0.223,24.834483,24.7,25.2,3.548793,3.545,3.552,5170,5198,0,0,0,0
2024-01-19T18:00:00Z,29,0,0,0,0.22131,0.221,0.223,24.827586,24.7,25.2,3.543,3.539,3.547,5199,5227,0,0,0,0
2024-01-19T19:00:00Z,30,0,0,0,0.221333,0.22,0.223,24.823333,24.7,25.1,3.537067,3.534,3.541,5228,5257,0,0,0,0
2024-01-19T20:00:00Z,29,0,0,0,0.221276,0.22,0.223,24.77931,24.5,25.1,3.532069,3.529,3.537,5258,5286,0,0,0,0
2024-01-19T21:00:00Z,29,0,0,0,0.221448,0.221,0.223,24.817241,24.7,25.1,3.527586,3.524,3.531,5287,5315,0,0,0,0
2024-01-19T22:00:00Z,29,0,0,0,0.221828,0.22,0.223,24.851724,24.7,25.2,3.524621,3.522,3.526,5316,5344,0,0,0,0
2024-01-19T23:00:00Z,29,0.084276,0,0.48,0.221724,0.221,0.223,24.865517,24.7,25.2,3.520966,3.517,3.524,5345,5373,0,0,0,0
2024-01-20T00:00:00Z,29,1.067897,0.501,1.856,0.221069,0.22,0.223,24.82069,24.7,25.1,3.518,3.514,3.522,5374,5402,0,0,0,0
2024-01-20T01:00:00Z,30,2.676867,1.822,3.985,0.218667,0.217,0.222,24.706667,24.5,25.1,3.515767,3.512,3.519,5403,5432,0,0,0,0
2024-01-20T02:00:00Z,29,4.15969,3.435,4.641,0.217207,0.215,0.219,24.537931,24.3,24.8,3.513379,3.509,3.517,5433,5461,0,0,0,0
2024-01-20T03:00:00Z,29,2.701103,2.387,3.322,0.217414,0.215,0.22,24.558621,24.4,24.9,3.508828,3.506,3.514,5462,5490,0,0,0,0
2024-01-20T04:00:00Z,29,2.906621,2.281,3.572,0.21769,0.216,0.22,24.613793,24.4,24.7,3.504828,3.503,3.509,5491,5519,0,0,0,0
2024-01-20T05:00:00Z,29,2.64769,2.119,3.288,0.21769,0.216,0.22,24.606897,24.4,24.8,3.501103,3.499,3.504,5520,5548,0,0,0,0
2024-01-20T06:00:00Z,27,2.251704,1.633,2.998,0.217741,0.216,0.221,24.603704,24.4,24.7,3.498,3.494,3.501,5549,5575,0,0,0,0
2024-01-20T07:00:00Z,30,2.295533,1.389,3.052,0.2174,0.216,0.22,24.573333,24.4,24.8,3.488567,3.481,3.496,5578,5607,0,0,0,0
2024-01-20T08:00:00Z,25,1.46788,1.212,1.746,0.21804,0.217,0.221,24.656,24.6,24.9,3.47468,3.468,3.481,5608,5636,0,0,0,0
2024-01-20T09:00:00Z,29,0.852862,0.493,1.226,0.219103,0.218,0.223,24.658621,23.6,24.9,3.456586,3.448,3.466,5637,5665,0,0,0,0
2024-01-20T10:00:00Z,29,0.074929,0,0.487,0.219448,0.219,0.222,24.772414,24.7,25.2,3.439379,3.428,3.448,5666,5694,0,0,0,0
2024-01-20T11:00:00Z,29,0,0,0,0.220034,0.219,0.223,24.772414,24.7,25,3.415793,3.402,3.427,5695,5723,0,0,0,0
2024-01-20T12:00:00Z,30,0,0,0,0.220433,0.22,0.222,24.786667,24.7,25.1,3.3925,3.38,3.404,5724,5753,0,0,0,0
2024-01-20T13:00:00Z,29,0,0,0,0.220345,0.219,0.222,24.782759,24.7,25.1,3.366897,3.352,3.38,5754,5782,0,0,0,0
2024-01-20T14:00:00Z,29,0,0,0,0.217793,0.214,0.221,24.544828,24.3,24.9,3.337828,3.324,3.349,5783,5811,0,0,0,0
2024-01-20T15:00:00Z,29,0,0,0,0.211828,0.208,0.216,24.024138,23.7,24.3,3.303034,3.286,3.321,5812,5840,0,0,0,0
2024-01-20T16:00:00Z,27,0,0,0,0.205259,0.2,0.211,23.37037,22.8,23.8,3.26263,3.237,3.286,5841,5869,0,0,0,0
2024-01-20T17:00:00Z,23,0,0,0,0.194478,0.175,0.201,22.304348,20.6,23,3.210696,3.156,3.237,1,5889,0,0,0,0
2024-01-20T18:00:00Z,3,0,0,0,0.173667,0.171,0.176,20.233333,19.9,20.5,3.119667,3.1,3.133,1,1,0,0,0,0
2024-01-28T13:00:00Z,16,0,0,0,0.236813,0.216,0.257,21.48125,16.4,29.2,3.53525,2.565,3.795,1,16,0,0,0,0
2024-01-28T14:00:00Z,29,0,0,0,0.238586,0.213,0.261,22.072414,16,31.5,3.967172,3.806,4.077,17,45,0,0,0,0
2024-01-28T15:00:00Z,29,0,0,0,0.239759,0.211,0.26,22.489655,15.6,31.2,4.114966,4.08,4.136,46,74,0,0,0,0
2024-01-28T16:00:00Z,29,0,0,0,0.233966,0.209,0.262,21.462069,15.5,32.3,4.150276,4.135,4.164,75,103,0,0,0,0
2024-01-28T17:00:00Z,29,0,0,0,0.229828,0.208,0.262,20.258621,15.5,31.4,4.172483,4.163,4.181,104,132,0,0,0,0
2024-01-28T18:00:00Z,29,0,0,0,0.242448,0.209,0.262,24.258621,15.5,32.6,4.161103,4.143,4.184,133,161,0,0,0,0
2024-01-28T19:00:00Z,30,0,0,0,0.2392,0.211,0.265,22.933333,15.5,32.6,4.1364,4.133,4.141,162,191,0,0,0,0
2024-01-28T20:00:00Z,29,0,0,0,0.239448,0.212,0.263,22.872414,15.5,30.9,4.131483,4.128,4.135,192,220,0,0,0,0
2024-01-28T21:00:00Z,29,0,0,0,0.237621,0.213,0.261,22.548276,15.5,31.7,4.127034,4.123,4.131,221,249,0,0,0,0
2024-01-28T22:00:00Z,26,0,0,0,0.236769,0.213,0.261,21.996154,15.5,31.8,4.1225,4.12,4.126,250,278,0,0,0,0
2024-01-28T23:00:00Z,29,0,0,0,0.23931,0.213,0.261,22.182759,15.5,31,4.120207,4.116,4.126,279,307,0,0,0,0
2024-01-29T00:00:00Z,30,0,0,0,0.238733,0.213,0.262,22.8,15.5,31.4,4.117,4.113,4.121,308,337,0,0,0,0
2024-01-29T01:00:00Z,23,0,0,0,0.240087,0.213,0.263,23.269565,15.5,31.8,4.115043,4.113,4.118,338,366,0,0,0,0
2024-01-29T02:00:00Z,29,0,0,0,0.239483,0.213,0.261,22.593103,15.5,31.8,4.11269,4.11,4.116,367,395,0,0,0,0
2024-01-29T03:00:00Z,29,0,0,0,0.242586,0.213,0.262,22.817241,15.5,30.6,4.111517,4.11,4.115,396,424,0,0,0,0
2024-01-29T04:00:00Z,29,0,0,0,0.239172,0.211,0.262,22.368966,15.5,30.4,4.110379,4.108,4.113,425,453,0,0,0,0
2024-01-29T05:00:00Z,29,0,0,0,0.241207,0.213,0.26,22.334483,15.5,31.2,4.109276,4.106,4.115,454,482,0,0,0,0
2024-01-29T06:00:00Z,30,0,0,0,0.2436,0.213,0.26,24.363333,15.5,31.6,4.107333,4.106,4.11,483,512,0,0,0,0
2024-01-29T07:00:00Z,29,0,0,0,0.23931,0.213,0.262,22.534483,15.5,31.3,4.107034,4.106,4.11,513,541,0,0,0,0
2024-01-29T08:00:00Z,29,0,0,0,0.231172,0.202,0.259,21.737931,15.5,35.3,4.105655,4.103,4.108,542,570,0,0,0,0
2024-01-29T09:00:00Z,29,0,0,0,0.23431,0.204,0.259,22.927586,15.5,35.1,4.105207,4.103,4.106,571,599,0,0,0,0
2024-01-29T10:00:00Z,29,0,0,0,0.234724,0.213,0.26,22.286207,15.5,30.8,4.105,4.103,4.106,600,628,0,0,0,0
2024-01-29T11:00:00Z,30,0,0,0,0.236267,0.209,0.26,23.88,15.5,37.9,4.105067,4.103,4.106,629,658,0,0,0,0
2024-01-29T12:00:00Z,29,0,0,0,0.236793,0.209,0.261,22.227586,15.5,30.5,4.105207,4.103,4.106,659,687,0,0,0,0
2024-01-29T13:00:00Z,28,0,0,0,0.239,0.211,0.261,25.671429,15.9,36.6,4.104821,4.103,4.106,688,716,0,0,0,0
2024-01-29T14:00:00Z,28,0,0,0,0.238786,0.217,0.259,22.042857,15.5,30.7,4.104071,4.102,4.106,717,745,0,0,0,0
2024-01-29T15:00:00Z,29,0,0,0,0.245172,0.218,0.262,23.424138,15.5,29.8,4.103517,4.102,4.106,746,774,0,0,0,0
2024-01-29T16:00:00Z,28,0,0,0,0.240571,0.215,0.26,23.125,15.5,30.1,4.103,4.1,4.105,775,803,0,0,0,0
2024-01-29T17:00:00Z,30,0,0,0,0.2389,0.215,0.261,22.516667,16.1,31.7,4.103133,4.102,4.105,804,833,0,0,0,0
2024-01-29T18:00:00Z,29,0,0,0,0.243138,0.213,0.259,23.72069,15.5,32,4.102966,4.098,4.105,834,862,0,0,0,0
2024-01-29T19:00:00Z,29,0,0,0,0.235,0.213,0.26,22.089655,15.5,32.3,4.103448,4.1,4.105,863,891,0,0,0,0
2024-01-29T20:00:00Z,29,0,0,0,0.237448,0.21,0.262,23.034483,15.5,32.5,4.102586,4.1,4.105,892,920,0,0,0,0
2024-01-29T21:00:00Z,29,0,0,0,0.237483,0.213,0.26,22.682759,15.5,31.6,4.102138,4.1,4.105,921,949,0,0,0,0
2024-01-29T22:00:00Z,30,0,0,0,0.236333,0.213,0.259,21.82,15.5,30.5,4.101167,4.1,4.105,950,979,0,0,0,0
2024-01-29T23:00:00Z,29,0,0,0,0.234621,0.212,0.26,21.006897,15.5,30.6,4.100448,4.098,4.105,980,1008,0,0,0,0
2024-01-30T00:00:00Z,29,0,0,0,0.237414,0.215,0.259,22.048276,15.5,29.2,4.099276,4.097,4.103,1009,1037,0,0,0,0
2024-01-30T01:00:00Z,29,0,0,0,0.23831,0.215,0.26,21.503448,15.5,29.8,4.099379,4.097,4.102,1038,1066,0,0,0,0
2024-01-30T02:00:00Z,27,0,0,0,0.238815,0.217,0.258,21.696296,15.5,29.6,4.098667,4.095,4.103,1067,1095,0,0,0,0
2024-01-30T03:00:00Z,29,0,0,0,0.236345,0.217,0.262,21.655172,15.5,28.9,4.098172,4.095,4.102,1096,1124,0,0,0,0
2024-01-30T04:00:00Z,30,1.4455,0,2.269,0.221767,0.215,0.257,22.823333,15.5,29.1,4.090433,4.085,4.1,1125,1154,0,0,0,0
2024-01-30T05:00:00Z,29,2.342379,1.677,3.162,0.217552,0.216,0.219,24.4,24.2,24.7,4.087379,4.085,4.09,1155,1183,0,0,0,0
2024-01-30T06:00:00Z,29,2.102172,1.392,3.214,0.217379,0.216,0.218,24.413793,24.2,24.6,4.085138,4.083,4.088,1184,1212,0,0,0,0
2024-01-30T07:00:00Z,29,2.679069,1.276,5.034,0.218034,0.215,0.223,24.568966,23.2,30.1,4.083724,4.082,4.085,1213,1241,0,0,0,0
2024-01-30T08:00:00Z,29,1.047103,0.813,1.384,0.218517,0.217,0.222,24.565517,24.3,24.9,4.082931,4.08,4.087,1242,1270,0,0,0,0
2024-01-30T09:00:00Z,29,0.570448,0.413,0.787,0.219207,0.218,0.223,24.6,24.4,24.9,4.081759,4.08,4.083,1271,1300,0,0,0,0
2024-01-30T10:00:00Z,29,0.061241,0,0.393,0.219586,0.219,0.222,24.737931,24.5,25.1,4.08069,4.08,4.082,1301,1329,0,0,0,0
2024-01-30T11:00:00Z,29,0,0,0,0.220414,0.219,0.223,24.672414,24.5,24.9,4.079517,4.078,4.082,1330,1358,0,0,0,0
2024-01-30T12:00:00Z,29,0,0,0,0.220793,0.22,0.223,24.67931,24.3,25,4.078552,4.077,4.08,1359,1387,0,0,0,0
2024-01-30T13:00:00Z,29,0,0,0,0.221138,0.22,0.223,24.682759,24.4,24.9,4.078172,4.075,4.08,1388,1416,0,0,0,0
2024-01-30T14:00:00Z,29,0,0,0,0.221034,0.22,0.223,24.727586,24.6,25,4.076379,4.073,4.08,1417,1445,0,0,0,0
2024-01-30T15:00:00Z,29,0,0,0,0.221414,0.22,0.223,24.706897,24.6,25,4.075,4.072,4.078,1446,1474,0,0,0,0
2024-01-30T16:00:00Z,25,0,0,0,0.22128,0.22,0.223,24.736,24.6,25,4.07364,4.069,4.077,1475,1504,0,0,0,0
2024-01-30T17:00:00Z,29,0,0,0,0.221414,0.22,0.223,24.710345,24.6,25,4.070966,4.069,4.075,1505,1533,0,0,0,0
2024-01-30T18:00:00Z,29,0,0,0,0.221414,0.221,0.223,24.689655,24.5,24.9,4.069586,4.067,4.073,1534,1562,0,0,0,0
2024-01-30T19:00:00Z,29,0,0,0,0.221448,0.22,0.223,24.713793,24.6,25,4.067655,4.065,4.072,1563,1591,0,0,0,0
2024-01-30T20:00:00Z,29,0,0,0,0.221655,0.22,0.223,24.731034,24.5,25.1,4.067931,4.064,4.072,1592,1620,0,0,0,0
2024-01-30T21:00:00Z,29,0,0,0,0.221621,0.221,0.223,24.741379,24.7,25.1,4.067483,4.065,4.072,1621,1649,0,0,0,0
2024-01-30T22:00:00Z,29,0,0,0,0.221483,0.221,0.223,24.734483,24.6,25.1,4.065241,4.06,4.069,1650,1678,0,0,0,0
2024-01-30T23:00:00Z,29,0.049172,0,0.377,0.221966,0.221,0.223,24.710345,24.6,24.9,4.063793,4.062,4.067,1679,1707,0,0,0,0
2024-01-31T00:00:00Z,30,1.6228,0.4,3.504,0.220567,0.218,0.223,24.68,24.5,25,4.063867,4.06,4.067,1708,1737,0,0,0,0
2024-01-31T01:00:00Z,29,3.722828,2.009,4.587,0.217793,0.216,0.22,24.503448,24.3,24.7,4.06569,4.064,4.069,1738,1766,0,0,0,0
2024-01-31T02:00:00Z,29,4.653931,3.909,4.851,0.217345,0.215,0.219,24.151724,23.1,24.7,4.066724,4.064,4.072,1767,1795,0,0,0,0
2024-01-31T03:00:00Z,29,3.702586,2.638,4.928,0.217103,0.214,0.223,24.348276,22.9,30.2,4.065552,4.062,4.072,1796,1824,0,0,0,0
2024-01-31T04:00:00Z,29,2.836828,2.21,4.669,0.21769,0.216,0.22,24.486207,24.3,24.7,4.062552,4.059,4.067,1825,1853,0,0,0,0
2024-01-31T05:00:00Z,29,2.758138,2.268,4.413,0.217862,0.216,0.22,24.537931,24.4,24.7,4.061414,4.059,4.065,1854,1882,0,0,0,0
2024-01-31T06:00:00Z,28,2.765786,2.058,4.626,0.217679,0.216,0.219,24.492857,24.3,24.8,4.061179,4.059,4.064,1883,1911,0,0,0,0
2024-01-31T07:00:00Z,30,2.838033,1.572,4.79,0.217867,0.215,0.221,24.293333,22.8,26.2,4.061,4.059,4.064,1912,1941,0,0,0,0
2024-01-31T08:00:00Z,21,1.276286,1.003,1.526,0.218619,0.218,0.222,24.371429,22.9,24.7,4.057238,4.054,4.06,1942,1967,0,0,0,0
2024-01-31T09:00:00Z,8,0.8,0.665,0.925,0.2185,0.218,0.222,24.6875,24.6,24.7,4.055125,4.054,4.059,1973,1982,0,0,0,0
2024-01-31T11:00:00Z,28,0,0,0,0.220036,0.219,0.223,24.664286,24.4,25,4.048857,4.047,4.052,2023,2051,0,0,0,0
2024-01-31T12:00:00Z,30,0,0,0,0.2204,0.219,0.223,24.72,24.6,24.9,4.048133,4.045,4.052,2052,2081,0,0,0,0
2024-01-31T13:00:00Z,28,0,0,0,0.220607,0.215,0.223,24.657143,24.4,25,4.047821,4.044,4.05,2082,2109,0,0,0,0
2024-01-31T14:00:00Z,29,0,0,0,0.221172,0.22,0.223,24.744828,24.6,25.1,4.044931,4.042,4.049,2110,2138,0,0,0,0
2024-01-31T15:00:00Z,30,0,0,0,0.221333,0.22,0.223,24.74,24.5,25,4.043833,4.04,4.047,2139,2168,0,0,0,0
2024-01-31T16:00:00Z,29,0,0,0,0.221172,0.22,0.223,24.731034,24.7,24.9,4.042103,4.039,4.045,2169,2197,0,0,0,0
2024-01-31T17:00:00Z,29,0,0,0,0.221552,0.22,0.223,24.741379,24.6,25,4.042276,4.039,4.045,2198,2226,0,0,0,0
2024-01-31T18:00:00Z,28,0,0,0,0.221286,0.221,0.222,24.714286,24.6,25,4.0405,4.039,4.044,2227,2255,0,0,0,0
2024-01-31T19:00:00Z,29,0,0,0,0.221724,0.22,0.223,24.72069,24.6,25,4.040034,4.039,4.044,2256,2284,0,0,0,0
2024-01-31T20:00:00Z,29,0,0,0,0.221483,0.221,0.223,24.737931,24.4,25,4.040069,4.037,4.044,2285,2313,0,0,0,0
2024-01-31T21:00:00Z,29,0,0,0,0.222,0.221,0.223,24.703448,24.5,25.1,4.037897,4.036,4.04,2314,2342,0,0,0,0
2024-01-31T22:00:00Z,29,0,0,0,0.221897,0.22,0.224,24.768966,24.6,25.1,4.037069,4.036,4.04,2343,2371,0,0,0,0
2024-01-31T23:00:00Z,30,0.0992,0,0.524,0.2217,0.22,0.224,24.743333,24.7,25.1,4.0363,4.032,4.04,2372,2401,0,0,0,0
2024-02-01T00:00:00Z,29,1.748241,0.559,3.055,0.220586,0.218,0.223,24.710345,24.5,25.1,4.035759,4.032,4.04,2402,2430,0,0,0,0
2024-02-01T01:00:00Z,28,4.088393,3.157,4.575,0.218321,0.217,0.222,24.546429,24.2,24.7,4.038571,4.036,4.042,2431,2459,0,0,0,0
2024-02-01T02:00:00Z,29,4.816276,4.615,4.929,0.217724,0.215,0.222,24.341379,22.2,24.7,4.040138,4.039,4.044,2460,2488,0,0,0,0
2024-02-01T03:00:00Z,29,3.803621,2.492,4.931,0.217517,0.215,0.223,23.989655,22.5,24.5,4.040552,4.037,4.045,2489,2517,0,0,0,0
2024-02-01T04:00:00Z,28,3.052429,2.51,4.993,0.218464,0.217,0.223,24.085714,22.8,24.7,4.038393,4.037,4.042,2518,2546,0,0,0,0
2024-02-01T05:00:00Z,29,3.097966,2.004,4.785,0.217897,0.216,0.221,24.244828,23.3,24.7,4.037931,4.036,4.042,2547,2575,0,0,0,0
2024-02-01T06:00:00Z,29,3.698828,1.548,4.8,0.219207,0.215,0.223,31.462069,23.3,42.8,4.039069,4.037,4.042,2576,2604,0,0,0,0
2024-02-01T07:00:00Z,29,2.639966,1.561,4.511,0.22169,0.218,0.227,35.7,22.3,43.8,4.038069,4.036,4.042,2605,2633,0,0,0,0
2024-02-01T08:00:00Z,29,1.214931,0.971,1.59,0.218517,0.217,0.222,24.503448,23.6,24.7,4.036793,4.034,4.039,2634,2662,0,0,0,0
2024-02-01T09:00:00Z,29,0.780517,0.561,1.061,0.219276,0.218,0.223,24.662069,24.2,24.9,4.036414,4.032,4.037,2663,2691,0,0,0,0
2024-02-01T10:00:00Z,29,0.1235,0,0.534,0.220379,0.218,0.225,24.517241,22.8,25,4.034621,4.032,4.036,2692,2720,0,0,0,0
2024-02-01T11:00:00Z,29,0,0,0,0.222931,0.22,0.229,23.631034,20.9,25.1,4.033759,4.031,4.036,2722,2750,0,0,0,0
2024-02-01T12:00:00Z,28,0,0,0,0.221429,0.22,0.225,24.453571,22.3,25.2,4.032429,4.031,4.036,2751,2779,0,0,0,0
2024-02-01T13:00:00Z,29,0,0,0,0.221276,0.22,0.223,24.72069,24.5,25.1,4.031931,4.031,4.034,2780,2808,0,0,0,0
2024-02-01T14:00:00Z,29,0,0,0,0.221172,0.22,0.224,24.72069,24.6,24.9,4.031517,4.031,4.032,2809,2837,0,0,0,0
2024-02-01T15:00:00Z,29,0,0,0,0.221517,0.221,0.224,24.737931,24.6,25.1,4.031069,4.029,4.032,2838,2866,0,0,0,0
2024-02-01T16:00:00Z,28,0,0,0,0.221357,0.22,0.223,24.782143,24.7,25,4.030893,4.029,4.032,2867,2895,0,0,0,0
2024-02-01T17:00:00Z,29,0,0,0,0.221552,0.22,0.223,24.758621,24.7,25.1,4.030241,4.029,4.032,2896,2924,0,0,0,0
2024-02-01T18:00:00Z,29,0,0,0,0.221966,0.22,0.223,24.713793,24.5,25,4.029345,4.029,4.031,2925,2953,0,0,0,0
2024-02-01T19:00:00Z,30,0,0,0,0.221833,0.221,0.223,24.713333,24.6,25,4.029067,4.027,4.031,2954,2983,0,0,0,0
2024-02-01T20:00:00Z,9,0,0,0,0.222111,0.221,0.223,24.7,24.6,24.8,4.029667,4.029,4.031,2984,2992,0,0,0,0
