ts,n_samples,n_hours,adc_raw_avg,adc_raw_min,adc_raw_max,voltage_adc_avg,voltage_adc_min,voltage_adc_max,millis_ms_min,millis_ms_max
2020-07-04,83,3,2310.215954,2299,2340,2010.218139,1980,2036,2204,10341998
2020-07-05,705,24,2468.660006,2324,2897,2137.515811,2020,2477,10465473,97481745
2020-07-06,706,24,2517.949938,2352,2894,2177.35963,2044,2475,97604694,184694440
2020-07-07,705,24,2547.475694,2227,2907,2202.042159,1948,2480,184817824,271819439
2020-07-08,706,24,2328.533467,2224,2587,2029.728404,1948,2232,271943656,359056527
2020-07-09,701,24,2440.717932,2254,2940,2116.842216,1975,2470,359180094,446246660
2020-07-10,705,24,2590.273313,2343,2989,2226.251632,2038,2493,446369356,533300393
2020-07-11,708,24,2723.004262,2540,3088,2303.829933,2193,2503,533423158,620470121
2020-07-12,534,19,2461.542408,2107,3127,2077.985299,1862,2511,124426,685487226
