ts,n_samples,solar_v_avg,solar_v_min,solar_v_max,solar2_v_avg,solar2_v_min,solar2_v_max,battery_v_avg,battery_v_min,battery_v_max,current_a_avg,current_a_min,current_a_max,power_w_avg,power_w_min,power_w_max,load_v_avg,load_v_min,load_v_max,wind_v_avg,wind_v_min,wind_v_max,temp_c_avg,temp_c_min,temp_c_max,lipo_v_avg,lipo_v_min,lipo_v_max,boot_count_min,boot_count_max,solar_v_n_oor,solar2_v_n_oor,battery_v_n_oor,current_a_n_oor,power_w_n_oor,load_v_n_oor,wind_v_n_oor,temp_c_n_oor,lipo_v_n_oor
2022-01-01T22:00:00Z,7,0.785714,0,2.23,0,0,0,14.975714,14.09,15.91,3.3,2.7,4.01,0.565,0,1.44,14.338571,13.52,15.27,0,0,0,48.485714,30.4,62.2,2.827143,2.72,2.91,1,7,0,0,0,5,0,0,0,4,0
2022-01-02T21:00:00Z,6,0.373333,0,0.97,0,0,0,14.87,14.1,15.67,3.211667,2.69,3.82,0.280833,0,0.675,14.231667,13.53,15.03,0,0,0,47.133333,31,62.7,2.841667,2.75,2.91,1,6,0,0,0,4,0,0,0,3,0
2022-01-03T20:00:00Z,6,0.39,0,1.01,0,0,0,14.891667,14.12,15.72,3.213333,2.7,3.83,0.295,0,0.6975,14.266667,13.56,15.09,0,0,0,47.35,31.3,62.9,2.836667,2.73,2.91,1,6,0,0,0,4,0,0,0,3,0
2022-01-04T17:00:00Z,5,0.386,0,1,0,0,0,14.932,14.2,15.72,3.214,2.69,3.82,0.299375,0,0.695,14.304,13.62,15.09,0,0,0,49.14,30,62.4,2.844,2.76,2.91,1,5,0,0,0,3,0,0,0,3,0
2022-01-05T18:00:00Z,5,0.362,0,0.93,0,0,0,14.866,14.17,15.57,3.188,2.7,3.73,0.2765,0,0.6625,14.226,13.58,14.95,0,0,0,42.84,29.5,60.8,2.846,2.77,2.91,1,5,0,0,0,3,0,0,0,2,0
2022-01-06T18:00:00Z,5,0.476,0,1.17,0,0,0,15.06,14.23,15.96,3.294,2.7,3.99,0.3445,0,0.765,14.422,13.63,15.32,0,0,0,48.5,29.6,61.7,2.828,2.72,2.91,1,5,0,0,0,3,0,0,0,3,0
2022-01-07T17:00:00Z,5,0.384,0,0.99,0,0,0,14.96,14.21,15.73,3.22,2.69,3.82,0.2875,0,0.685,14.336,13.63,15.12,0,0,0,49.34,30.3,62.5,2.844,2.76,2.91,1,5,0,0,0,3,0,0,0,3,0
2022-01-08T19:00:00Z,6,0.43,0,1.11,0,0,0,14.96,14.17,15.83,3.248333,2.69,3.92,0.3175,0,0.745,14.321667,13.57,15.21,0,0,0,45.633333,29.5,61.5,2.835,2.72,2.91,1,6,0,0,0,4,0,0,0,3,0
2022-01-09T22:00:00Z,6,0.408333,0,1.04,0,0,0,14.836667,14.09,15.6,3.205,2.69,3.8,0.311667,0,0.7325,14.2,13.52,14.98,0,0,0,45.683333,29.5,61.6,2.843333,2.76,2.91,1,6,0,0,0,4,0,0,0,3,0
2022-01-10T20:00:00Z,6,0.398333,0,1.02,0,0,0,14.906667,14.14,15.72,3.225,2.69,3.87,0.298333,0,0.6975,14.275,13.56,15.09,0,0,0,46.1,29.8,61.7,2.838333,2.74,2.91,1,6,0,0,0,4,0,0,0,3,0
2022-01-17T20:00:00Z,6,0.411667,0,1.05,0,0,0,14.873333,14.12,15.69,3.216667,2.7,3.84,0.31,0,0.725,14.23,13.54,15.05,0,0,0,45.683333,29.5,61.6,2.843333,2.75,2.91,1,6,0,0,0,4,0,0,0,3,0
2022-01-18T22:00:00Z,1,0,0,0,0,0,0,14.09,14.09,14.09,2.69,2.69,2.69,0,0,0,13.51,13.51,13.51,0,0,0,29,29,29,2.91,2.91,2.91,1,1,0,0,0,0,0,0,0,0,0
2022-01-19T20:00:00Z,6,0.406667,0,1.03,0,0,0,14.851667,14.13,15.63,3.196667,2.69,3.8,0.310417,0,0.72,14.215,13.55,15,0,0,0,45.566667,29.4,61.6,2.845,2.76,2.91,1,6,0,0,0,4,0,0,0,3,0
2022-01-20T19:00:00Z,3,0.11,0,0.29,0,0,0,14.476667,14.15,14.78,2.913333,2.69,3.13,0.096667,0,0.2475,13.836667,13.57,14.12,0,0,0,30.566667,29.1,32.1,2.883333,2.85,2.91,1,3,0,0,0,1,0,0,0,0,0
2022-01-20T20:00:00Z,2,0.755,0.58,0.93,0,0,0,15.315,15.13,15.5,3.535,3.36,3.71,0.57,0.4675,0.6725,14.695,14.51,14.88,0,0,0,60.35,59.9,60.8,2.8,2.78,2.82,4,5,0,0,0,2,0,0,0,2,0
2022-01-23T20:00:00Z,5,0.326,0,0.86,0,0,0,14.796,14.14,15.48,3.15,2.69,3.67,0.2535,0,0.6275,14.16,13.56,14.85,0,0,0,42.76,29.4,61.1,2.854,2.78,2.91,1,5,0,0,0,3,0,0,0,2,0
2022-01-25T18:00:00Z,5,0.35,0,0.93,0,0,0,14.864,14.17,15.6,3.176,2.7,3.73,0.268,0,0.6675,14.222,13.57,14.98,0,0,0,43.22,29.7,61.3,2.846,2.77,2.91,1,5,0,0,0,3,0,0,0,2,0
2022-01-26T18:00:00Z,6,0.46,0,1.19,0,0,0,14.988333,14.15,15.93,3.29,2.7,4.01,0.3325,0,0.775,14.353333,13.57,15.29,0,0,0,45.716667,29.5,61.4,2.831667,2.72,2.91,1,6,0,0,0,4,0,0,0,3,0
2022-01-27T22:00:00Z,6,0.401667,0,1.01,0,0,0,14.835,14.1,15.6,3.203333,2.7,3.79,0.307083,0,0.7125,14.2,13.54,14.97,0,0,0,45.483333,29.3,61.3,2.843333,2.76,2.91,1,6,0,0,0,4,0,0,0,3,0
2022-01-28T20:00:00Z,6,0.395,0,1.05,0,0,0,14.903333,14.13,15.75,3.223333,2.7,3.89,0.295417,0,0.715,14.268333,13.56,15.13,0,0,0,46.266667,30.1,62,2.835,2.72,2.91,1,6,0,0,0,4,0,0,0,3,0
2022-01-29T19:00:00Z,2,0,0,0,0,0,0,14.305,14.14,14.47,2.79,2.69,2.89,0,0,0,13.685,13.56,13.81,0,0,0,30.5,29.7,31.3,2.905,2.9,2.91,1,2,0,0,0,0,0,0,0,0,0
2022-01-29T20:00:00Z,3,0.516667,0.22,0.82,0,0,0,15.113333,14.77,15.47,3.36,3.11,3.63,0.404167,0.19,0.6075,14.476667,14.11,14.84,0,0,0,51.7,33.1,61.6,2.823333,2.78,2.86,3,5,0,0,0,3,0,0,0,2,0
2022-01-30T20:00:00Z,5,0.268,0,0.72,0,0,0,14.73,14.14,15.34,3.092,2.69,3.54,0.2145,0,0.5525,14.09,13.56,14.72,0,0,0,42.66,29.3,61.3,2.86,2.8,2.91,1,5,0,0,0,3,0,0,0,2,0
2022-01-30T21:00:00Z,1,1.01,1.01,1.01,0,0,0,15.67,15.67,15.67,3.83,3.83,3.83,0.7025,0.7025,0.7025,15.03,15.03,15.03,0,0,0,59.5,59.5,59.5,2.76,2.76,2.76,6,6,0,0,0,1,0,0,0,1,0
2022-02-08T21:00:00Z,5,0.166,0,0.5,0,0,0,14.566,14.06,15.08,3.018,2.68,3.38,0.137,0,0.4,13.944,13.5,14.46,0,0,0,44.28,30.9,62.9,2.876,2.82,2.92,1,5,0,0,0,2,0,0,0,2,0
2022-02-08T22:00:00Z,2,0.86,0.74,0.98,0,0,0,15.51,15.37,15.65,3.695,3.57,3.82,0.6175,0.5575,0.6775,14.88,14.75,15.01,0,0,0,60.85,60.4,61.3,2.77,2.75,2.79,6,7,0,0,0,2,0,0,0,2,0
2022-02-20T04:00:00Z,29,21.273448,17.73,23.08,4.226552,4.11,4.31,16.58069,16.07,17.16,1.748276,1.39,2.1,25.818362,21.3525,29.1925,16.011724,15.49,16.51,0,0,0,32.251724,31.3,32.8,3.73,3.69,3.78,1,29,0,0,29,0,0,0,0,0,0
2022-02-20T05:00:00Z,30,19.874333,16.72,22.18,4.396333,4.27,4.45,15.607667,14.97,16.45,0.958,0.7,1.44,28.03125,22.535,31.9325,15.003667,14.48,15.77,0,0,0,33.383333,32.8,33.7,3.843333,3.77,3.88,30,59,0,0,4,0,0,0,0,0,0
2022-02-20T06:00:00Z,30,19.222,16.14,21.56,4.438667,4.32,4.53,15.093333,14.68,15.63,0.631,0.44,1.01,28.708667,23.1025,32.64,14.450667,14.02,14.94,0,0,0,34.013333,33.7,34.4,3.900333,3.88,3.93,60,89,0,0,0,0,0,0,0,0,0
2022-02-20T07:00:00Z,29,18.838966,16.11,21.35,4.416897,4.35,4.49,15.049655,14.68,15.36,0.601034,0.43,0.79,28.279914,23.5925,32.8775,14.425862,14,14.73,0,0,0,34.465517,34.2,34.6,3.922759,3.91,3.94,90,118,0,0,0,0,0,0,0,0,0
2022-02-20T08:00:00Z,30,17.898,15.45,21.4,4.386333,4.29,4.45,15.171333,14.75,15.36,0.612667,0.48,0.82,26.80675,22.4225,32.4575,14.471,14.06,14.72,0,0,0,34.72,34.6,34.9,3.934667,3.92,3.94,119,148,0,0,0,0,0,0,0,0,0
2022-02-20T09:00:00Z,29,17.245172,14.58,21.41,4.285862,4.2,4.35,15.043448,14.45,15.33,0.696897,0.64,0.74,25.460086,21.3575,31.915,14.391379,13.78,14.64,0,0,0,34.844828,34.7,34.9,3.932759,3.93,3.94,149,177,0,0,0,0,0,0,0,0,0
2022-02-20T10:00:00Z,30,12.848333,2.74,15.13,3.716333,1.93,4.18,13.238667,12.59,14.36,0.449667,0.17,0.75,19.6645,4.3925,22.1625,12.604333,11.96,13.72,0,0,0,34.88,34.6,35.1,3.92,3.92,3.92,178,207,0,0,0,0,0,0,0,0,0
2022-02-20T11:00:00Z,30,0.394333,0,3.49,0.201333,0,1.5,12.598,12.58,12.61,0.200333,0.19,0.21,0.63025,0,5.57,11.973,11.96,11.99,0,0,0,34.52,34.3,35,3.919667,3.91,3.92,208,237,0,0,0,0,0,0,0,0,0
2022-02-20T12:00:00Z,29,0,0,0,0,0,0,12.564138,12.51,12.6,0.199655,0.19,0.21,0,0,0,11.94069,11.89,11.96,0,0,0,34.32069,34.2,34.4,3.912414,3.91,3.92,238,266,0,0,0,0,0,0,0,0,0
2022-02-20T13:00:00Z,30,0,0,0,0,0,0,10.858333,10.62,12.51,0.099667,0.07,0.2,0,0,0,10.195333,9.96,11.87,0,0,0,34.206667,34.1,34.3,3.91,3.91,3.91,267,296,0,0,0,0,0,0,0,0,0
2022-02-20T14:00:00Z,30,0,0,0,0,0,0,10.763667,10.69,10.85,0.094333,0.08,0.11,0,0,0,10.089667,10.02,10.17,0,0,0,33.95,33.8,34.2,3.904,3.9,3.91,297,326,0,0,0,0,0,0,0,0,0
2022-02-20T15:00:00Z,29,0,0,0,0,0,0,10.737931,10.69,10.82,0.092069,0.08,0.1,0,0,0,10.066897,10.02,10.15,0,0,0,33.658621,33.5,33.8,3.9,3.9,3.9,327,355,0,0,0,0,0,0,0,0,0
2022-02-20T16:00:00Z,30,0,0,0,0,0,0,10.674333,10.66,10.69,0.086667,0.07,0.1,0,0,0,10.004,9.99,10.02,0,0,0,33.413333,33.4,33.5,3.899667,3.89,3.9,356,385,0,0,0,0,0,0,0,0,0
2022-02-20T17:00:00Z,29,0,0,0,0,0,0,10.650345,10.63,10.66,0.084138,0.07,0.1,0,0,0,9.98,9.96,9.99,0,0,0,33.334483,33.2,33.4,3.894483,3.89,3.9,386,414,0,0,0,0,0,0,0,0,0
2022-02-20T18:00:00Z,30,0,0,0,0,0,0,10.636667,10.62,10.66,0.081333,0.07,0.09,0,0,0,9.962,9.95,9.98,0,0,0,33.06,32.9,33.3,3.89,3.89,3.89,415,444,0,0,0,0,0,0,0,0,0
2022-02-20T19:00:00Z,30,0,0,0,0,0,0,10.619,10.6,10.63,0.076,0.06,0.09,0,0,0,9.939,9.92,9.96,0,0,0,32.65,32.5,32.9,3.882333,3.88,3.89,445,474,0,0,0,0,0,0,0,0,0
2022-02-20T20:00:00Z,29,0,0,0,0,0,0,10.601724,10.6,10.61,0.073793,0.07,0.08,0,0,0,9.911379,9.9,9.93,0,0,0,32.375862,32.2,32.5,3.88,3.88,3.88,475,503,0,0,0,0,0,0,0,0,0
2022-02-20T21:00:00Z,30,0,0,0,0,0,0,10.585667,10.57,10.6,0.074,0.06,0.1,0,0,0,9.879333,9.85,9.9,0,0,0,32.123333,32.1,32.2,3.878333,3.87,3.88,504,533,0,0,0,0,0,0,0,0,0
2022-02-20T22:00:00Z,29,0,0,0,0,0,0,10.55931,10.52,10.58,0.072759,0.06,0.09,0,0,0,9.844828,9.82,9.87,0,0,0,32.037931,32,32.1,3.871034,3.87,3.88,534,562,0,0,0,0,0,0,0,0,0
2022-02-20T23:00:00Z,30,8.625667,1.2,12.73,2.938,0,4.09,10.972667,10.51,12.09,0.378333,0.06,1.09,13.141333,1.9625,18.24,10.281667,9.79,11.44,0,0,0,32.023333,31.8,32.4,3.865667,3.85,3.87,563,592,0,0,0,0,0,0,0,0,0
2022-02-21T00:00:00Z,27,13.162963,12.17,14.78,4.184074,4.1,4.3,12.707037,12.11,13.94,1.055185,0.98,1.09,18.248889,16.765,20.745,12.067778,11.46,13.32,0,0,0,31.974074,31.9,32.1,3.865185,3.86,3.88,593,620,0,0,0,0,0,0,0,0,0
2022-02-21T01:00:00Z,24,14.534167,13.85,15.06,4.26625,4.2,4.3,14.13625,13.74,14.26,0.99875,0.93,1.06,20.351771,19.1675,21.235,13.490833,13.08,13.6,0,0,0,32.1,32.1,32.1,3.88375,3.88,3.89,622,650,0,0,0,0,0,0,0,0,0
2022-02-21T02:00:00Z,22,15.856818,14.41,21.18,4.454091,4.3,4.56,14.526364,14,15.29,0.545909,0.4,0.92,24.033409,20.765,32.8275,13.842727,13.39,14.6,0,0,0,32.504545,32.1,33,3.934091,3.89,3.97,652,678,0,0,0,0,0,0,0,0,0
2022-02-21T03:00:00Z,21,17.481905,14.73,20.81,4.573333,4.4,4.65,14.929524,14.5,15.39,0.405714,0.36,0.55,27.080238,22.28,32.1975,14.164762,13.72,14.66,0,0,0,33.228571,32.9,33.4,4.005238,3.95,4.05,679,705,0,0,0,0,0,0,0,0,0
2022-02-21T04:00:00Z,25,18.2936,15.39,20.49,6.5328,4.54,12.04,14.7964,14.34,15.39,0.3268,0.21,0.4,28.6991,24.0625,32.4875,14.1088,13.72,14.66,0,0,0,33.572,33.4,33.8,4.1056,4.06,4.15,707,735,0,0,0,0,0,0,0,0,0
2022-02-21T05:00:00Z,25,18.74,15.66,20.48,10.3744,4.58,12.18,14.6596,14.36,15.31,0.2456,0.2,0.36,29.7923,24.44,32.7225,14.0088,13.67,14.57,0,0,0,34.156,33.9,34.5,4.112,4.1,4.12,737,764,0,0,0,0,0,0,0,0,0
2022-02-21T06:00:00Z,23,18.349565,15.68,20.57,11.523043,4.61,12.22,14.723043,14.21,15.25,0.225652,0.19,0.35,29.253696,24.545,32.9225,13.94913,13.56,14.52,0,0,0,34.604348,34.5,34.7,4.119565,4.11,4.12,765,792,0,0,0,0,0,0,0,0,0
2022-02-21T07:00:00Z,28,19.077143,15.85,21.01,11.778571,11.39,12.21,14.643929,14.29,15.24,0.210357,0.19,0.24,30.479196,25.26,33.575,13.916786,13.66,14.45,0,0,0,35.157143,34.8,35.4,4.12,4.12,4.12,793,821,0,0,0,0,0,0,0,0,0
2022-02-21T08:00:00Z,30,17.986667,14.45,20.82,8.282333,4.52,11.65,14.69,14.21,15.09,0.269333,0.19,0.35,28.476917,22.7275,33.285,13.971333,13.55,14.32,0,0,0,35.7,35.4,35.9,4.119,4.11,4.12,822,851,0,0,0,0,0,0,0,0,0
2022-02-21T09:00:00Z,30,14.724667,13.87,16.68,4.483667,4.45,4.53,14.107,13.72,14.8,0.315667,0.29,0.35,23.135,21.8675,26.0725,13.443333,13.07,14.09,0,0,0,35.886667,35.7,36.1,4.12,4.12,4.12,852,881,0,0,0,0,0,0,0,0,0
2022-02-21T10:00:00Z,29,12.583448,4.7,14.55,3.911034,2.45,4.45,12.928621,12.52,13.76,0.215862,0.12,0.3,20.063621,7.605,22.935,12.293103,11.89,13.1,0,0,0,36.213793,36.1,36.3,4.11069,4.1,4.12,882,910,0,0,0,0,0,0,0,0,0
2022-02-21T11:00:00Z,30,0.446667,0,2.54,0.303,0,2.13,12.534667,12.51,12.57,0.136667,0.12,0.16,0.722833,0,4.115,11.912,11.89,11.94,0,0,0,35.6,35.4,36.2,4.090667,4.08,4.1,911,940,0,0,0,0,0,0,0,0,0
2022-02-21T12:00:00Z,29,0,0,0,0,0,0,12.162414,10.42,12.54,0.12,0.02,0.16,0,0,0,11.525172,9.73,11.9,0,0,0,35.434483,35.4,35.5,4.075862,4.07,4.08,941,969,0,0,0,0,0,0,0,0,0
2022-02-21T13:00:00Z,30,0,0,0,0,0,0,10.648,10.62,10.69,0.031,0.01,0.06,0,0,0,9.974667,9.93,10.01,0,0,0,35.31,35.1,35.4,4.062,4.05,4.07,970,999,0,0,0,0,0,0,0,0,0
2022-02-21T14:00:00Z,30,0,0,0,0,0,0,10.760333,10.68,10.82,0.047333,0.02,0.06,0,0,0,10.089333,10.02,10.14,0,0,0,35.03,35,35.1,4.048333,4.04,4.05,1000,1029,0,0,0,0,0,0,0,0,0
2022-02-21T15:00:00Z,29,0,0,0,0,0,0,10.663448,10.64,10.7,0.045172,0.02,0.06,0,0,0,9.993793,9.97,10.02,0,0,0,34.834483,34.7,35,4.035862,4.03,4.04,1030,1058,0,0,0,0,0,0,0,0,0
2022-02-21T16:00:00Z,30,0,0,0,0,0,0,10.636333,10.63,10.66,0.049,0.03,0.06,0,0,0,9.967667,9.95,9.99,0,0,0,34.626667,34.6,34.7,4.027,4.02,4.03,1059,1088,0,0,0,0,0,0,0,0,0
2022-02-21T17:00:00Z,29,0,0,0,0,0,0,10.628276,10.62,10.64,0.053103,0.04,0.06,0,0,0,9.955517,9.94,9.96,0,0,0,34.541379,34.4,34.6,4.015172,4.01,4.02,1089,1117,0,0,0,0,0,0,0,0,0
2022-02-21T18:00:00Z,30,0,0,0,0,0,0,10.615333,10.6,10.63,0.055,0.04,0.07,0,0,0,9.934333,9.92,9.96,0,0,0,34.24,34.1,34.4,4.008,4,4.01,1118,1147,0,0,0,0,0,0,0,0,0
2022-02-21T19:00:00Z,30,0,0,0,0,0,0,10.604667,10.6,10.61,0.055333,0.05,0.06,0,0,0,9.923333,9.9,9.93,0,0,0,33.893333,33.7,34.1,4,4,4,1148,1177,0,0,0,0,0,0,0,0,0
2022-02-21T20:00:00Z,29,0,0,0,0,0,0,10.595517,10.59,10.6,0.061724,0.05,0.07,0,0,0,9.897586,9.87,9.93,0,0,0,33.551724,33.4,33.7,3.991724,3.99,4,1178,1206,0,0,0,0,0,0,0,0,0
2022-02-21T21:00:00Z,30,0,0,0,0,0,0,10.573,10.56,10.59,0.065,0.06,0.07,0,0,0,9.864333,9.84,9.89,0,0,0,33.376667,33.3,33.4,3.985667,3.98,3.99,1207,1236,0,0,0,0,0,0,0,0,0
2022-02-21T22:00:00Z,30,0.004667,0,0.14,0,0,0,10.538667,10.5,10.57,0.061,0.05,0.07,0.007833,0,0.235,9.818333,9.78,9.85,0,0,0,33.206667,33,33.3,3.98,3.98,3.98,1237,1266,0,0,0,0,0,0,0,0,0
2022-02-21T23:00:00Z,29,8.304828,1.33,11.5,2.933448,0,4.3,10.648966,10.48,11.15,0.120345,0.05,0.3,13.409224,2.175,18.2725,9.953448,9.77,10.56,0,0,0,33.258621,33,33.5,3.975517,3.97,3.98,1267,1295,0,0,0,0,0,0,0,0,0
2022-02-22T00:00:00Z,26,12.454231,11.27,14.24,4.370769,4.29,4.47,12.096538,11.17,13.51,0.298077,0.25,0.36,19.616538,17.8325,22.2225,11.445,10.56,12.84,0,0,0,33.430769,33.4,33.6,3.988077,3.97,4.01,1296,1324,0,0,0,0,0,0,0,0,0
2022-02-22T01:00:00Z,24,14.1625,13.51,14.86,4.536667,4.43,4.64,13.659583,13.32,13.99,0.314583,0.3,0.34,22.254792,21.24,23.335,12.97875,12.66,13.3,0,0,0,33.620833,33.6,33.7,4.045833,4.01,4.09,1325,1353,0,0,0,0,0,0,0,0,0
2022-02-22T02:00:00Z,21,16.177143,13.53,20.93,7.049048,4.47,12.32,14.135714,13.33,14.85,0.286667,0.21,0.36,25.55131,21.3225,33.455,13.430952,12.68,14.12,0,0,0,33.752381,33.6,34,4.105714,4.08,4.13,1354,1380,0,0,0,0,0,0,0,0,0
2022-02-22T03:00:00Z,23,17.603913,14.5,20.72,7.713913,4.56,12.22,14.57913,14.18,15.12,0.285652,0.19,0.36,27.805326,22.7475,33.1625,13.890435,13.51,14.37,0,0,0,34.273913,34.1,34.5,4.119565,4.11,4.13,1382,1409,0,0,0,0,0,0,0,0,0
2022-02-22T04:00:00Z,23,17.650435,14.77,21.12,7.654348,4.56,12.07,14.633478,14.27,14.88,0.288261,0.18,0.36,27.872609,23.09,33.8125,13.934348,13.61,14.12,0,0,0,34.543478,34.3,34.6,4.123043,4.12,4.13,1410,1438,0,0,0,0,0,0,0,0,0
2022-02-22T05:00:00Z,22,19.01,15.61,21.03,10.06,4.59,12.22,14.566818,14.26,15.11,0.240455,0.19,0.35,30.240568,24.765,33.6875,13.923182,13.6,14.4,0,0,0,34.854545,34.7,35,4.125,4.12,4.13,1439,1465,0,0,0,0,0,0,0,0,0
2022-02-22T06:00:00Z,23,16.155652,13.99,20.96,6.791739,4.47,12.27,14.236087,13.58,15.1,0.279565,0.19,0.35,25.558261,22.0375,33.47,13.581304,12.94,14.4,0,0,0,34.986957,34.8,35.4,4.122174,4.11,4.14,1467,1494,0,0,0,0,0,0,0,0,0
2022-02-22T07:00:00Z,29,16.578276,13.6,20.45,7.677586,4.45,11.85,14.151034,13.45,14.78,0.254138,0.19,0.33,26.329052,21.4875,32.7,13.47069,12.81,14.23,0,0,0,35.444828,35.2,35.7,4.123448,4.11,4.13,1495,1524,0,0,0,0,0,0,0,0,0
2022-02-22T08:00:00Z,29,13.367241,12.64,14.6,4.206897,3.44,4.49,13.031724,12.52,13.82,0.241724,0.12,0.3,21.247586,20.3575,23.02,12.38931,11.91,13.18,0,0,0,35.313793,35.2,35.4,4.113103,4.1,4.12,1525,1553,0,0,0,0,0,0,0,0,0
2022-02-22T09:00:00Z,30,13.061333,12.61,13.49,4.14,3.41,4.37,12.722,12.54,12.82,0.220667,0.13,0.25,20.82725,20.335,21.4575,12.078333,11.9,12.17,0,0,0,35.546667,35.4,35.8,4.093,4.08,4.1,1554,1583,0,0,0,0,0,0,0,0,0
2022-02-22T10:00:00Z,29,10.979655,1.59,13.23,3.272414,1.41,3.93,12.547241,12.46,12.62,0.148621,0.12,0.17,17.707069,2.5575,21.33,11.91069,11.85,11.97,0,0,0,35.768966,35.4,35.8,4.08,4.07,4.09,1584,1612,0,0,0,0,0,0,0,0,0
2022-02-22T11:00:00Z,30,0.244667,0,2.47,0.062,0,1.06,11.789667,10.6,12.51,0.101333,0.02,0.16,0.395917,0,4.0025,11.137667,9.9,11.88,0,0,0,34.72,34.6,35.3,4.066667,4.06,4.07,1613,1642,0,0,0,0,0,0,0,0,0
2022-02-22T12:00:00Z,30,0,0,0,0,0,0,10.634667,10.6,10.66,0.038333,0.02,0.06,0,0,0,9.958333,9.93,9.99,0,0,0,34.546667,34.4,34.6,4.052667,4.05,4.06,1643,1672,0,0,0,0,0,0,0,0,0
2022-02-22T13:00:00Z,29,0,0,0,0,0,0,10.733793,10.66,10.8,0.051724,0.03,0.07,0,0,0,10.057241,9.99,10.11,0,0,0,34.275862,34.2,34.4,4.042069,4.04,4.05,1673,1701,0,0,0,0,0,0,0,0,0
2022-02-22T14:00:00Z,30,0,0,0,0,0,0,10.641,10.62,10.67,0.052667,0.03,0.07,0,0,0,9.966,9.95,9.99,0,0,0,34.063333,33.9,34.2,4.032333,4.03,4.04,1702,1731,0,0,0,0,0,0,0,0,0
2022-02-22T15:00:00Z,30,0,0,0,0,0,0,10.624667,10.62,10.63,0.055,0.04,0.07,0,0,0,9.941,9.93,9.96,0,0,0,33.766667,33.6,33.9,4.021667,4.01,4.03,1732,1761,0,0,0,0,0,0,0,0,0
2022-02-22T16:00:00Z,29,0,0,0,0,0,0,10.614138,10.6,10.63,0.053793,0.04,0.07,0,0,0,9.932069,9.92,9.95,0,0,0,33.503448,33.4,33.7,4.010345,4.01,4.02,1762,1790,0,0,0,0,0,0,0,0,0
2022-02-22T17:00:00Z,30,0,0,0,0,0,0,10.604333,10.6,10.61,0.058,0.05,0.07,0,0,0,9.920333,9.9,9.93,0,0,0,33.386667,33.3,33.4,4.001333,4,4.01,1791,1820,0,0,0,0,0,0,0,0,0
2022-02-22T18:00:00Z,29,0,0,0,0,0,0,10.598276,10.59,10.6,0.06,0.05,0.07,0,0,0,9.901724,9.88,9.92,0,0,0,33.234483,33,33.4,3.993793,3.99,4,1821,1849,0,0,0,0,0,0,0,0,0
2022-02-22T19:00:00Z,30,0,0,0,0,0,0,10.584,10.57,10.59,0.059333,0.05,0.07,0,0,0,9.878,9.85,9.9,0,0,0,32.87,32.6,33.1,3.987667,3.98,3.99,1850,1879,0,0,0,0,0,0,0,0,0
2022-02-22T20:00:00Z,30,0,0,0,0,0,0,10.566333,10.56,10.58,0.066333,0.06,0.08,0,0,0,9.848,9.82,9.87,0,0,0,32.486667,32.4,32.6,3.98,3.98,3.98,1880,1909,0,0,0,0,0,0,0,0,0
2022-02-22T21:00:00Z,21,0,0,0,0,0,0,10.542857,10.51,10.56,0.067143,0.06,0.08,0,0,0,9.814762,9.79,9.84,0,0,0,32.247619,32.1,32.4,3.978095,3.97,3.98,1910,1930,0,0,0,0,0,0,0,0,0
